Time,PlayerX,PlayerY,HazardX,HazardY,GameState
2025-01-27 12:05:56.391,0,0,0,0,0
2025-01-27 12:05:56.394,0,0,0,0,0
2025-01-27 12:05:56.398,0,0,0,0,0
2025-01-27 12:05:56.400,0,0,0,0,3
2025-01-27 12:05:56.401,0,0,0,0,1
2025-01-27 12:05:56.433,0,0,0,-2.35,3
2025-01-27 12:05:56.434,0,0,0,-2.35,1
2025-01-27 12:05:56.459,0,0,0,-2.35,0
2025-01-27 12:05:56.460,0,0,0,-2.35,3
2025-01-27 12:05:56.461,0,0,0,-2.35,1
2025-01-27 12:05:56.467,0,0,0,-1.95,3
2025-01-27 12:05:56.468,0,0,0,-1.95,1
2025-01-27 12:05:56.473,0,0,0,-1.95,3
2025-01-27 12:05:56.474,0,0,0,-1.95,1
2025-01-27 12:05:56.480,0,0,0,-1.95,3
2025-01-27 12:05:56.481,0,0,0,-1.95,1
2025-01-27 12:05:56.485,0,0,0,-1.95,0
2025-01-27 12:05:56.486,0,0,0,-1.95,3
2025-01-27 12:05:56.488,0,0,0,-1.95,1
2025-01-27 12:05:56.493,0,0,0,-1.55,3
2025-01-27 12:05:56.494,0,0,0,-1.55,1
2025-01-27 12:05:56.498,0,0,0,-1.55,3
2025-01-27 12:05:56.499,0,0,0,-1.55,1
2025-01-27 12:05:56.504,0,0,0,-1.55,3
2025-01-27 12:05:56.504,0,0,0,-1.55,1
2025-01-27 12:05:56.509,0,0,0,-1.55,3
2025-01-27 12:05:56.510,0,0,0,-1.55,1
2025-01-27 12:05:56.515,0,0,0,-1.55,3
2025-01-27 12:05:56.516,0,0,0,-1.55,1
2025-01-27 12:05:56.520,0,0,0,-1.55,0
2025-01-27 12:05:56.522,0,0,0,-1.55,3
2025-01-27 12:05:56.523,0,0,0,-1.55,1
2025-01-27 12:05:56.527,0,0,0,-1.15,3
2025-01-27 12:05:56.527,0,0,0,-1.15,1
2025-01-27 12:05:56.531,0,0,0,-1.15,3
2025-01-27 12:05:56.533,0,0,0,-1.15,1
2025-01-27 12:05:56.536,0,0,0,-1.15,3
2025-01-27 12:05:56.538,0,0,0,-1.15,1
2025-01-27 12:05:56.541,0,0,0,-1.15,3
2025-01-27 12:05:56.543,0,0,0,-1.15,1
2025-01-27 12:05:56.549,0,0,0,-1.15,3
2025-01-27 12:05:56.550,0,0,0,-1.15,1
2025-01-27 12:05:56.555,0,0,0,-1.15,0
2025-01-27 12:05:56.557,0,0,0,-1.15,3
2025-01-27 12:05:56.558,0,0,0,-1.15,1
2025-01-27 12:05:56.561,0,0,0,-0.75,3
2025-01-27 12:05:56.563,0,0,0,-0.75,1
2025-01-27 12:05:56.568,0,0,0,-0.75,3
2025-01-27 12:05:56.568,0,0,0,-0.75,1
2025-01-27 12:05:56.573,0,0,0,-0.75,3
2025-01-27 12:05:56.574,0,0,0,-0.75,1
2025-01-27 12:05:56.578,0,0,0,-0.75,3
2025-01-27 12:05:56.580,0,0,0,-0.75,1
2025-01-27 12:05:56.584,0,0,0,-0.75,3
2025-01-27 12:05:56.585,0,0,0,-0.75,1
2025-01-27 12:05:56.590,0,0,0,-0.75,0
2025-01-27 12:05:56.592,0,0,0,-0.75,3
2025-01-27 12:05:56.593,0,0,0,-0.75,1
2025-01-27 12:05:56.597,0,0,0,-0.35,3
2025-01-27 12:05:56.598,0,0,0,-0.35,1
2025-01-27 12:05:56.603,0,0,0,-0.35,3
2025-01-27 12:05:56.604,0,0,0,-0.35,1
2025-01-27 12:05:56.608,0,0,0,-0.35,3
2025-01-27 12:05:56.608,0,0,0,-0.35,1
2025-01-27 12:05:56.614,0,0,0,-0.35,3
2025-01-27 12:05:56.614,0,0,0,-0.35,1
2025-01-27 12:05:56.619,0,0,0,-0.35,0
2025-01-27 12:05:56.621,0,0,0,-0.35,3
2025-01-27 12:05:56.622,0,0,0,-0.35,1
2025-01-27 12:05:56.627,0,0,0,0.04999995,3
2025-01-27 12:05:56.628,0,0,0,0.04999995,1
2025-01-27 12:05:56.633,0,0,0,0.04999995,3
2025-01-27 12:05:56.634,0,0,0,0.04999995,1
2025-01-27 12:05:56.658,0,0,0,0.04999995,0
2025-01-27 12:05:56.658,0,0,0,0.04999995,3
2025-01-27 12:05:56.660,0,0,0,0.04999995,1
2025-01-27 12:05:56.664,0,0,0,0.4499999,3
2025-01-27 12:05:56.665,0,0,0,0.4499999,1
2025-01-27 12:05:56.668,0,0,0,0.4499999,3
2025-01-27 12:05:56.669,0,0,0,0.4499999,1
2025-01-27 12:05:56.674,0,0,0,0.4499999,3
2025-01-27 12:05:56.675,0,0,0,0.4499999,1
2025-01-27 12:05:56.679,0,0,0,0.4499999,3
2025-01-27 12:05:56.680,0,0,0,0.4499999,1
2025-01-27 12:05:56.684,0,0,0,0.4499999,3
2025-01-27 12:05:56.685,0,0,0,0.4499999,1
2025-01-27 12:05:56.690,0,0,0,0.4499999,0
2025-01-27 12:05:56.691,0,0,0,0.4499999,3
2025-01-27 12:05:56.693,0,0,0,0.4499999,1
2025-01-27 12:05:56.697,0,0,0,0.8499999,3
2025-01-27 12:05:56.698,0,0,0,0.8499999,1
2025-01-27 12:05:56.702,0,0,0,0.8499999,3
2025-01-27 12:05:56.703,0,0,0,0.8499999,1
2025-01-27 12:05:56.707,0,0,0,0.8499999,3
2025-01-27 12:05:56.708,0,0,0,0.8499999,1
2025-01-27 12:05:56.714,0,0,0,0.8499999,3
2025-01-27 12:05:56.715,0,0,0,0.8499999,1
2025-01-27 12:05:56.719,0,0,0,0.8499999,0
2025-01-27 12:05:56.721,0,0,0,0.8499999,3
2025-01-27 12:05:56.722,0,0,0,0.8499999,1
2025-01-27 12:05:56.726,0,0,0,1.25,3
2025-01-27 12:05:56.727,0,0,0,1.25,1
2025-01-27 12:05:56.732,0,0,0,1.25,3
2025-01-27 12:05:56.732,0,0,0,1.25,1
2025-01-27 12:05:56.738,0,0,0,1.25,3
2025-01-27 12:05:56.738,0,0,0,1.25,1
2025-01-27 12:05:56.744,0,0,0,1.25,3
2025-01-27 12:05:56.745,0,0,0,1.25,1
2025-01-27 12:05:56.750,0,0,0,1.25,3
2025-01-27 12:05:56.751,0,0,0,1.25,1
2025-01-27 12:05:56.756,0,0,0,1.25,0
2025-01-27 12:05:56.757,0,0,0,1.25,3
2025-01-27 12:05:56.758,0,0,0,1.25,1
2025-01-27 12:05:56.763,0,0,0,1.65,3
2025-01-27 12:05:56.764,0,0,0,1.65,1
2025-01-27 12:05:56.769,0,0,0,1.65,3
2025-01-27 12:05:56.770,0,0,0,1.65,1
2025-01-27 12:05:56.775,0,0,0,1.65,3
2025-01-27 12:05:56.776,0,0,0,1.65,1
2025-01-27 12:05:56.781,0,0,0,1.65,3
2025-01-27 12:05:56.783,0,0,0,1.65,1
2025-01-27 12:05:56.787,0,0,0,1.65,0
2025-01-27 12:05:56.788,0,0,0,1.65,3
2025-01-27 12:05:56.789,0,0,0,1.65,1
2025-01-27 12:05:56.794,0,0,0,2.05,3
2025-01-27 12:05:56.795,0,0,0,2.05,1
2025-01-27 12:05:56.800,0,0,0,2.05,3
2025-01-27 12:05:56.801,0,0,0,2.05,1
2025-01-27 12:05:56.805,0,0,0,2.05,3
2025-01-27 12:05:56.806,0,0,0,2.05,1
2025-01-27 12:05:56.811,0,0,0,2.05,3
2025-01-27 12:05:56.812,0,0,0,2.05,1
2025-01-27 12:05:56.816,0,0,0,2.05,3
2025-01-27 12:05:56.816,0,0,0,2.05,1
2025-01-27 12:05:56.821,0,0,0,2.05,0
2025-01-27 12:05:56.823,0,0,0,2.05,3
2025-01-27 12:05:56.824,0,0,0,2.05,1
2025-01-27 12:05:56.829,0,0,0,2.45,3
2025-01-27 12:05:56.830,0,0,0,2.45,1
2025-01-27 12:05:56.835,0,0,0,2.45,3
2025-01-27 12:05:56.835,0,0,0,2.45,1
2025-01-27 12:05:56.858,0,0,0,2.45,0
2025-01-27 12:05:56.859,0,0,0,2.45,3
2025-01-27 12:05:56.860,0,0,0,2.45,1
2025-01-27 12:05:56.865,0,0,0,2.85,3
2025-01-27 12:05:56.866,0,0,0,2.85,1
2025-01-27 12:05:56.870,0,0,0,2.85,3
2025-01-27 12:05:56.871,0,0,0,2.85,1
2025-01-27 12:05:56.876,0,0,0,2.85,3
2025-01-27 12:05:56.877,0,0,0,2.85,1
2025-01-27 12:05:56.881,0,0,0,2.85,3
2025-01-27 12:05:56.882,0,0,0,2.85,1
2025-01-27 12:05:56.886,0,0,0,2.85,0
2025-01-27 12:05:56.888,0,0,0,2.85,3
2025-01-27 12:05:56.888,0,0,0,2.85,1
2025-01-27 12:05:56.894,0,0,0,3.25,3
2025-01-27 12:05:56.895,0,0,0,3.25,1
2025-01-27 12:05:56.900,0,0,0,3.25,3
2025-01-27 12:05:56.901,0,0,0,3.25,1
2025-01-27 12:05:56.907,0,0,0,3.25,3
2025-01-27 12:05:56.908,0,0,0,3.25,1
2025-01-27 12:05:56.914,0,0,0,3.25,3
2025-01-27 12:05:56.915,0,0,0,3.25,1
2025-01-27 12:05:56.919,0,0,0,3.25,0
2025-01-27 12:05:56.922,0,0,0,3.25,3
2025-01-27 12:05:56.922,0,0,0,3.25,1
2025-01-27 12:05:56.928,0,0,-15,16.25,3
2025-01-27 12:05:56.929,0,0,-15,16.25,1
2025-01-27 12:05:56.935,0,0,-15,16.25,3
2025-01-27 12:05:56.935,0,0,-15,16.25,1
2025-01-27 12:05:56.941,0,0,-15,16.25,3
2025-01-27 12:05:56.942,0,0,-15,16.25,1
2025-01-27 12:05:56.948,0,0,-15,16.25,3
2025-01-27 12:05:56.949,0,0,-15,16.25,1
2025-01-27 12:05:56.952,0,0,-15,16.25,0
2025-01-27 12:05:56.955,0,0,-15,16.25,3
2025-01-27 12:05:56.956,0,0,-15,16.25,1
2025-01-27 12:05:56.962,0,0,-15,16.65,3
2025-01-27 12:05:56.962,0,0,-15,16.65,1
2025-01-27 12:05:56.967,0,0,-15,16.65,3
2025-01-27 12:05:56.969,0,0,-15,16.65,1
2025-01-27 12:05:56.974,0,0,-15,16.65,3
2025-01-27 12:05:56.975,0,0,-15,16.65,1
2025-01-27 12:05:56.981,0,0,-15,16.65,3
2025-01-27 12:05:56.982,0,0,-15,16.65,1
2025-01-27 12:05:56.985,0,0,-15,16.65,0
2025-01-27 12:05:56.988,0,0,-15,16.65,3
2025-01-27 12:05:56.989,0,0,-15,16.65,1
2025-01-27 12:05:56.995,0,0,-15,17.05,3
2025-01-27 12:05:56.996,0,0,-15,17.05,1
2025-01-27 12:05:57.001,0,0,-15,17.05,3
2025-01-27 12:05:57.002,0,0,-15,17.05,1
2025-01-27 12:05:57.008,0,0,-15,17.05,3
2025-01-27 12:05:57.009,0,0,-15,17.05,1
2025-01-27 12:05:57.015,0,0,-15,17.05,3
2025-01-27 12:05:57.016,0,0,-15,17.05,1
2025-01-27 12:05:57.022,0,0,-15,17.05,0
2025-01-27 12:05:57.023,0,0,-15,17.05,3
2025-01-27 12:05:57.023,0,0,-15,17.05,1
2025-01-27 12:05:57.029,0,0,-15,17.45,3
2025-01-27 12:05:57.030,0,0,-15,17.45,1
2025-01-27 12:05:57.035,0,0,-15,17.45,3
2025-01-27 12:05:57.036,0,0,-15,17.45,1
2025-01-27 12:05:57.060,0,0,-15,17.45,0
2025-01-27 12:05:57.062,0,0,-15,17.45,3
2025-01-27 12:05:57.063,0,0,-15,17.45,1
2025-01-27 12:05:57.069,0,0,-15,17.85,3
2025-01-27 12:05:57.070,0,0,-15,17.85,1
2025-01-27 12:05:57.077,0,0,-15,17.85,3
2025-01-27 12:05:57.078,0,0,-15,17.85,1
2025-01-27 12:05:57.083,0,0,-15,17.85,3
2025-01-27 12:05:57.084,0,0,-15,17.85,1
2025-01-27 12:05:57.090,0,0,-15,17.85,0
2025-01-27 12:05:57.091,0,0,-15,17.85,3
2025-01-27 12:05:57.092,0,0,-15,17.85,1
2025-01-27 12:05:57.096,0,0,-15,18.25,3
2025-01-27 12:05:57.096,0,0,-15,18.25,1
2025-01-27 12:05:57.101,0,0,-15,18.25,3
2025-01-27 12:05:57.103,0,0,-15,18.25,1
2025-01-27 12:05:57.108,0,0,-15,18.25,3
2025-01-27 12:05:57.108,0,0,-15,18.25,1
2025-01-27 12:05:57.113,0,0,-15,18.25,3
2025-01-27 12:05:57.114,0,0,-15,18.25,1
2025-01-27 12:05:57.119,0,0,-15,18.25,0
2025-01-27 12:05:57.121,0,0,-15,18.25,3
2025-01-27 12:05:57.122,0,0,-15,18.25,1
2025-01-27 12:05:57.128,0,0,-15,18.65,3
2025-01-27 12:05:57.128,0,0,-15,18.65,1
2025-01-27 12:05:57.134,0,0,-15,18.65,3
2025-01-27 12:05:57.135,0,0,-15,18.65,1
2025-01-27 12:05:57.141,0,0,-15,18.65,3
2025-01-27 12:05:57.141,0,0,-15,18.65,1
2025-01-27 12:05:57.147,0,0,-15,18.65,3
2025-01-27 12:05:57.148,0,0,-15,18.65,1
2025-01-27 12:05:57.152,0,0,-15,18.65,0
2025-01-27 12:05:57.154,0,0,-15,18.65,3
2025-01-27 12:05:57.155,0,0,-15,18.65,1
2025-01-27 12:05:57.159,0,0,-15,19.05,3
2025-01-27 12:05:57.159,0,0,-15,19.05,1
2025-01-27 12:05:57.164,0,0,-15,19.05,3
2025-01-27 12:05:57.165,0,0,-15,19.05,1
2025-01-27 12:05:57.170,0,0,-15,19.05,3
2025-01-27 12:05:57.171,0,0,-15,19.05,1
2025-01-27 12:05:57.176,0,0,-15,19.05,3
2025-01-27 12:05:57.176,0,0,-15,19.05,1
2025-01-27 12:05:57.182,0,0,-15,19.05,3
2025-01-27 12:05:57.183,0,0,-15,19.05,1
2025-01-27 12:05:57.188,0,0,-15,19.05,0
2025-01-27 12:05:57.190,0,0,-15,19.05,3
2025-01-27 12:05:57.191,0,0,-15,19.05,1
2025-01-27 12:05:57.196,0,0,-15,19.45,3
2025-01-27 12:05:57.196,0,0,-15,19.45,1
2025-01-27 12:05:57.203,0,0,-15,19.45,3
2025-01-27 12:05:57.204,0,0,-15,19.45,1
2025-01-27 12:05:57.209,0,0,-15,19.45,3
2025-01-27 12:05:57.210,0,0,-15,19.45,1
2025-01-27 12:05:57.215,0,0,-15,19.45,3
2025-01-27 12:05:57.216,0,0,-15,19.45,1
2025-01-27 12:05:57.220,0,0,-15,19.45,0
2025-01-27 12:05:57.221,0,0,-15,19.45,3
2025-01-27 12:05:57.222,0,0,-15,19.45,1
2025-01-27 12:05:57.227,0,0,-15,19.85,3
2025-01-27 12:05:57.228,0,0,-15,19.85,1
2025-01-27 12:05:57.232,0,0,-15,19.85,3
2025-01-27 12:05:57.233,0,0,-15,19.85,1
2025-01-27 12:05:57.238,0,0,-15,19.85,3
2025-01-27 12:05:57.238,0,0,-15,19.85,1
2025-01-27 12:05:57.261,0,0,-15,19.85,0
2025-01-27 12:05:57.263,0,0,-15,19.85,3
2025-01-27 12:05:57.263,0,0,-15,19.85,1
2025-01-27 12:05:57.267,0,0,-15,20.25,3
2025-01-27 12:05:57.268,0,0,-15,20.25,1
2025-01-27 12:05:57.274,0,0,-15,20.25,3
2025-01-27 12:05:57.275,0,0,-15,20.25,1
2025-01-27 12:05:57.280,0,0,-15,20.25,3
2025-01-27 12:05:57.280,0,0,-15,20.25,1
2025-01-27 12:05:57.285,0,0,-15,20.25,0
2025-01-27 12:05:57.287,0,0,-15,20.25,3
2025-01-27 12:05:57.288,0,0,-15,20.25,1
2025-01-27 12:05:57.293,0,0,-15,20.65,3
2025-01-27 12:05:57.294,0,0,-15,20.65,1
2025-01-27 12:05:57.299,0,0,-15,20.65,3
2025-01-27 12:05:57.300,0,0,-15,20.65,1
2025-01-27 12:05:57.305,0,0,-15,20.65,3
2025-01-27 12:05:57.306,0,0,-15,20.65,1
2025-01-27 12:05:57.312,0,0,-15,20.65,3
2025-01-27 12:05:57.313,0,0,-15,20.65,1
2025-01-27 12:05:57.318,0,0,-15,20.65,0
2025-01-27 12:05:57.320,0,0,-15,20.65,3
2025-01-27 12:05:57.321,0,0,-15,20.65,1
2025-01-27 12:05:57.326,0,0,-15,21.05,3
2025-01-27 12:05:57.326,0,0,-15,21.05,1
2025-01-27 12:05:57.331,0,0,-15,21.05,3
2025-01-27 12:05:57.332,0,0,-15,21.05,1
2025-01-27 12:05:57.337,0,0,-15,21.05,3
2025-01-27 12:05:57.338,0,0,-15,21.05,1
2025-01-27 12:05:57.344,0,0,-15,21.05,3
2025-01-27 12:05:57.344,0,0,-15,21.05,1
2025-01-27 12:05:57.348,0,0,-15,21.05,3
2025-01-27 12:05:57.350,0,0,-15,21.05,1
2025-01-27 12:05:57.357,0,0,-15,21.05,0
2025-01-27 12:05:57.359,0,0,-15,21.05,3
2025-01-27 12:05:57.360,0,0,-15,21.05,1
2025-01-27 12:05:57.368,0,0,-15,21.45,3
2025-01-27 12:05:57.368,0,0,-15,21.45,1
2025-01-27 12:05:57.373,0,0,-15,21.45,3
2025-01-27 12:05:57.374,0,0,-15,21.45,1
2025-01-27 12:05:57.380,0,0,-15,21.45,3
2025-01-27 12:05:57.391,0,0,-15,21.45,1
2025-01-27 12:05:57.397,0,0,-15,21.45,0
2025-01-27 12:05:57.398,0,0,-15,21.45,3
2025-01-27 12:05:57.399,0,0,-15,21.45,1
2025-01-27 12:05:57.405,0,0,-15,21.84999,3
2025-01-27 12:05:57.405,0,0,-15,21.84999,1
2025-01-27 12:05:57.411,0,0,-15,21.84999,3
2025-01-27 12:05:57.411,0,0,-15,21.84999,1
2025-01-27 12:05:57.417,0,0,-15,21.84999,3
2025-01-27 12:05:57.418,0,0,-15,21.84999,1
2025-01-27 12:05:57.423,0,0,-15,21.84999,0
2025-01-27 12:05:57.424,0,0,-15,21.84999,3
2025-01-27 12:05:57.426,0,0,-15,21.84999,1
2025-01-27 12:05:57.431,0,0,-15,16.25,3
2025-01-27 12:05:57.432,0,0,-15,16.25,1
2025-01-27 12:05:57.438,0,0,-15,16.25,3
2025-01-27 12:05:57.438,0,0,-15,16.25,1
2025-01-27 12:05:57.443,0,0,-15,16.25,3
2025-01-27 12:05:57.444,0,0,-15,16.25,1
2025-01-27 12:05:57.471,0,0,-15,16.25,0
2025-01-27 12:05:57.473,0,0,-15,16.25,3
2025-01-27 12:05:57.473,0,0,-15,16.25,1
2025-01-27 12:05:57.479,0,0,-15,16.65,3
2025-01-27 12:05:57.480,0,0,-15,16.65,1
2025-01-27 12:05:57.486,0,0,-15,16.65,0
2025-01-27 12:05:57.488,0,0,-15,16.65,3
2025-01-27 12:05:57.489,0,0,-15,16.65,1
2025-01-27 12:05:57.495,0,0,-15,17.05,3
2025-01-27 12:05:57.495,0,0,-15,17.05,1
2025-01-27 12:05:57.501,0,0,-15,17.05,3
2025-01-27 12:05:57.502,0,0,-15,17.05,1
2025-01-27 12:05:57.507,0,0,-15,17.05,3
2025-01-27 12:05:57.508,0,0,-15,17.05,1
2025-01-27 12:05:57.514,0,0,-15,17.05,3
2025-01-27 12:05:57.516,0,0,-15,17.05,1
2025-01-27 12:05:57.520,0,0,-15,17.05,0
2025-01-27 12:05:57.522,0,0,-15,17.05,3
2025-01-27 12:05:57.523,0,0,-15,17.05,1
2025-01-27 12:05:57.529,0,0,-15,17.45,3
2025-01-27 12:05:57.530,0,0,-15,17.45,1
2025-01-27 12:05:57.537,0,0,-15,17.45,3
2025-01-27 12:05:57.538,0,0,-15,17.45,1
2025-01-27 12:05:57.545,0,0,-15,17.45,3
2025-01-27 12:05:57.546,0,0,-15,17.45,1
2025-01-27 12:05:57.551,0,0,-15,17.45,3
2025-01-27 12:05:57.552,0,0,-15,17.45,1
2025-01-27 12:05:57.556,0,0,-15,17.45,0
2025-01-27 12:05:57.557,0,0,-15,17.45,3
2025-01-27 12:05:57.559,0,0,-15,17.45,1
2025-01-27 12:05:57.564,0,0,-15,17.85,3
2025-01-27 12:05:57.565,0,0,-15,17.85,1
2025-01-27 12:05:57.571,0,0,-15,17.85,3
2025-01-27 12:05:57.572,0,0,-15,17.85,1
2025-01-27 12:05:57.578,0,0,-15,17.85,3
2025-01-27 12:05:57.578,0,0,-15,17.85,1
2025-01-27 12:05:57.584,0,0,-15,17.85,3
2025-01-27 12:05:57.585,0,0,-15,17.85,1
2025-01-27 12:05:57.589,0,0,-15,17.85,0
2025-01-27 12:05:57.591,0,0,-15,17.85,3
2025-01-27 12:05:57.592,0,0,-15,17.85,1
2025-01-27 12:05:57.596,0,0,-15,18.25,3
2025-01-27 12:05:57.597,0,0,-15,18.25,1
2025-01-27 12:05:57.602,0,0,-15,18.25,3
2025-01-27 12:05:57.602,0,0,-15,18.25,1
2025-01-27 12:05:57.609,0,0,-15,18.25,3
2025-01-27 12:05:57.610,0,0,-15,18.25,1
2025-01-27 12:05:57.616,0,0,-15,18.25,3
2025-01-27 12:05:57.617,0,0,-15,18.25,1
2025-01-27 12:05:57.622,0,0,-15,18.25,0
2025-01-27 12:05:57.625,0,0,-15,18.25,3
2025-01-27 12:05:57.625,0,0,-15,18.25,1
2025-01-27 12:05:57.630,0,0,-15,18.65,3
2025-01-27 12:05:57.631,0,0,-15,18.65,1
2025-01-27 12:05:57.637,0,0,-15,18.65,3
2025-01-27 12:05:57.638,0,0,-15,18.65,1
2025-01-27 12:05:57.643,0,0,-15,18.65,3
2025-01-27 12:05:57.644,0,0,-15,18.65,1
2025-01-27 12:05:57.649,0,0,-15,18.65,3
2025-01-27 12:05:57.651,0,0,-15,18.65,1
2025-01-27 12:05:57.678,0,0,-15,18.65,0
2025-01-27 12:05:57.679,0,0,-15,18.65,3
2025-01-27 12:05:57.680,0,0,-15,18.65,1
2025-01-27 12:05:57.684,0,0,-15,19.05,3
2025-01-27 12:05:57.684,0,0,-15,19.05,1
2025-01-27 12:05:57.688,0,0,-15,19.05,0
2025-01-27 12:05:57.690,0,0,-15,19.05,3
2025-01-27 12:05:57.691,0,0,-15,19.05,1
2025-01-27 12:05:57.696,0,0,-15,19.45,3
2025-01-27 12:05:57.696,0,0,-15,19.45,1
2025-01-27 12:05:57.701,0,0,-15,19.45,3
2025-01-27 12:05:57.701,0,0,-15,19.45,1
2025-01-27 12:05:57.705,0,0,-15,19.45,3
2025-01-27 12:05:57.706,0,0,-15,19.45,1
2025-01-27 12:05:57.713,0,0,-15,19.45,3
2025-01-27 12:05:57.714,0,0,-15,19.45,1
2025-01-27 12:05:57.719,0,0,-15,19.45,0
2025-01-27 12:05:57.720,0,0,-15,19.45,3
2025-01-27 12:05:57.721,0,0,-15,19.45,1
2025-01-27 12:05:57.725,0,0,-15,19.85,3
2025-01-27 12:05:57.726,0,0,-15,19.85,1
2025-01-27 12:05:57.731,0,0,-15,19.85,3
2025-01-27 12:05:57.733,0,0,-15,19.85,1
2025-01-27 12:05:57.738,0,0,-15,19.85,3
2025-01-27 12:05:57.738,0,0,-15,19.85,1
2025-01-27 12:05:57.745,0,0,-15,19.85,3
2025-01-27 12:05:57.745,0,0,-15,19.85,1
2025-01-27 12:05:57.750,0,0,-15,19.85,3
2025-01-27 12:05:57.751,0,0,-15,19.85,1
2025-01-27 12:05:57.756,0,0,-15,19.85,0
2025-01-27 12:05:57.757,0,0,-15,19.85,3
2025-01-27 12:05:57.759,0,0,-15,19.85,1
2025-01-27 12:05:57.764,0,0,-15,20.25,3
2025-01-27 12:05:57.765,0,0,-15,20.25,1
2025-01-27 12:05:57.771,0,0,-15,20.25,3
2025-01-27 12:05:57.771,0,0,-15,20.25,1
2025-01-27 12:05:57.778,0,0,-15,20.25,3
2025-01-27 12:05:57.778,0,0,-15,20.25,1
2025-01-27 12:05:57.784,0,0,-15,20.25,3
2025-01-27 12:05:57.785,0,0,-15,20.25,1
2025-01-27 12:05:57.789,0,0,-15,20.25,0
2025-01-27 12:05:57.791,0,0,-15,20.25,3
2025-01-27 12:05:57.791,0,0,-15,20.25,1
2025-01-27 12:05:57.797,0,0,-15,20.65,3
2025-01-27 12:05:57.798,0,0,-15,20.65,1
2025-01-27 12:05:57.804,0,0,-15,20.65,3
2025-01-27 12:05:57.805,0,0,-15,20.65,1
2025-01-27 12:05:57.811,0,0,-15,20.65,3
2025-01-27 12:05:57.812,0,0,-15,20.65,1
2025-01-27 12:05:57.818,0,0,-15,20.65,3
2025-01-27 12:05:57.819,0,0,-15,20.65,1
2025-01-27 12:05:57.825,0,0,-15,20.65,0
2025-01-27 12:05:57.827,0,0,-15,20.65,3
2025-01-27 12:05:57.828,0,0,-15,20.65,1
2025-01-27 12:05:57.833,0,0,-15,21.05,3
2025-01-27 12:05:57.834,0,0,-15,21.05,1
2025-01-27 12:05:57.841,0,0,-15,21.05,3
2025-01-27 12:05:57.842,0,0,-15,21.05,1
2025-01-27 12:05:57.850,0,0,-15,21.05,3
2025-01-27 12:05:57.850,0,0,-15,21.05,1
2025-01-27 12:05:57.876,0,0,-15,21.05,0
2025-01-27 12:05:57.877,0,0,-15,21.05,3
2025-01-27 12:05:57.878,0,0,-15,21.05,1
2025-01-27 12:05:57.882,0,0,-15,21.45,3
2025-01-27 12:05:57.883,0,0,-15,21.45,1
2025-01-27 12:05:57.887,0,0,-15,21.45,0
2025-01-27 12:05:57.888,0,0,-15,21.45,3
2025-01-27 12:05:57.889,0,0,-15,21.45,1
2025-01-27 12:05:57.894,0,0,-15,21.84999,3
2025-01-27 12:05:57.894,0,0,-15,21.84999,1
2025-01-27 12:05:57.900,0,0,-15,21.84999,3
2025-01-27 12:05:57.901,0,0,-15,21.84999,1
2025-01-27 12:05:57.906,0,0,-15,21.84999,3
2025-01-27 12:05:57.907,0,0,-15,21.84999,1
2025-01-27 12:05:57.913,0,0,-15,21.84999,3
2025-01-27 12:05:57.914,0,0,-15,21.84999,1
2025-01-27 12:05:57.918,0,0,-15,21.84999,0
2025-01-27 12:05:57.920,0,0,-15,21.84999,3
2025-01-27 12:05:57.920,0,0,-15,21.84999,1
2025-01-27 12:05:57.925,0,0,-15,22.24999,3
2025-01-27 12:05:57.926,0,0,-15,22.24999,1
2025-01-27 12:05:57.931,0,0,-15,22.24999,3
2025-01-27 12:05:57.933,0,0,-15,22.24999,1
2025-01-27 12:05:57.938,0,0,-15,22.24999,3
2025-01-27 12:05:57.938,0,0,-15,22.24999,1
2025-01-27 12:05:57.944,0,0,-15,22.24999,3
2025-01-27 12:05:57.945,0,0,-15,22.24999,1
2025-01-27 12:05:57.950,0,0,-15,22.24999,3
2025-01-27 12:05:57.951,0,0,-15,22.24999,1
2025-01-27 12:05:57.955,0,0,-15,22.24999,0
2025-01-27 12:05:57.957,0,0,-15,22.24999,3
2025-01-27 12:05:57.958,0,0,-15,22.24999,1
2025-01-27 12:05:57.962,0,0,-15,16.25,3
2025-01-27 12:05:57.963,0,0,-15,16.25,1
2025-01-27 12:05:57.967,0,0,-15,16.25,3
2025-01-27 12:05:57.969,0,0,-15,16.25,1
2025-01-27 12:05:57.973,0,0,-15,16.25,3
2025-01-27 12:05:57.974,0,0,-15,16.25,1
2025-01-27 12:05:57.986,0,0,-15,16.25,3
2025-01-27 12:05:57.986,0,0,-15,16.25,1
2025-01-27 12:05:57.992,0,0,-15,16.25,0
2025-01-27 12:05:57.993,0,0,-15,16.25,3
2025-01-27 12:05:57.994,0,0,-15,16.25,1
2025-01-27 12:05:57.999,0,0,-15,16.65,3
2025-01-27 12:05:58.000,0,0,-15,16.65,1
2025-01-27 12:05:58.008,0,0,-15,16.65,3
2025-01-27 12:05:58.009,0,0,-15,16.65,1
2025-01-27 12:05:58.014,0,0,-15,16.65,3
2025-01-27 12:05:58.015,0,0,-15,16.65,1
2025-01-27 12:05:58.021,0,0,-15,16.65,0
2025-01-27 12:05:58.022,0,0,-15,16.65,3
2025-01-27 12:05:58.023,0,0,-15,16.65,1
2025-01-27 12:05:58.027,0,0,-15,17.05,3
2025-01-27 12:05:58.029,0,0,-15,17.05,1
2025-01-27 12:05:58.033,0,0,-15,17.05,3
2025-01-27 12:05:58.034,0,0,-15,17.05,1
2025-01-27 12:05:58.039,0,0,-15,17.05,3
2025-01-27 12:05:58.040,0,0,-15,17.05,1
2025-01-27 12:05:58.045,0,0,-15,17.05,3
2025-01-27 12:05:58.045,0,0,-15,17.05,1
2025-01-27 12:05:58.050,0,0,-15,17.05,3
2025-01-27 12:05:58.052,0,0,-15,17.05,1
2025-01-27 12:05:58.076,0,0,-15,17.05,0
2025-01-27 12:05:58.078,0,0,-15,17.05,3
2025-01-27 12:05:58.079,0,0,-15,17.05,1
2025-01-27 12:05:58.085,0,0,-15,17.45,3
2025-01-27 12:05:58.086,0,0,-15,17.45,1
2025-01-27 12:05:58.090,0,0,-15,17.45,0
2025-01-27 12:05:58.092,0,0,-15,17.45,3
2025-01-27 12:05:58.093,0,0,-15,17.45,1
2025-01-27 12:05:58.097,0,0,-15,17.85,3
2025-01-27 12:05:58.098,0,0,-15,17.85,1
2025-01-27 12:05:58.104,0,0,-15,17.85,3
2025-01-27 12:05:58.105,0,0,-15,17.85,1
2025-01-27 12:05:58.111,0,0,-15,17.85,3
2025-01-27 12:05:58.112,0,0,-15,17.85,1
2025-01-27 12:05:58.120,0,0,7.762035,16,0
2025-01-27 12:05:58.154,0,0,7.762035,15.9,0
2025-01-27 12:05:58.186,0,0,7.762035,15.8,0
2025-01-27 12:05:58.219,0,0,7.762035,15.7,0
2025-01-27 12:05:58.252,0,0,7.762035,15.6,0
2025-01-27 12:05:58.286,0,0,7.762035,15.5,0
2025-01-27 12:05:58.318,0,0,7.762035,15.4,0
2025-01-27 12:05:58.354,0,0,7.762035,15.3,0
2025-01-27 12:05:58.385,0,0,7.762035,15.2,0
2025-01-27 12:05:58.419,0,0,7.762035,15.1,0
2025-01-27 12:05:58.453,0,0,7.762035,15,0
2025-01-27 12:05:58.485,0,0,7.762035,14.9,0
2025-01-27 12:05:58.518,0,0,-15,16.25,0
2025-01-27 12:05:58.554,0,0,-15,16.65,0
2025-01-27 12:05:58.588,0,0,-15,17.05,0
2025-01-27 12:05:58.621,0,0,-15,17.45,0
2025-01-27 12:05:58.654,0,0,-15,17.85,0
2025-01-27 12:05:58.687,0,0,-15,18.25,0
2025-01-27 12:05:58.718,0,0,-15,18.65,0
2025-01-27 12:05:58.752,0,0,-15,19.05,0
2025-01-27 12:05:58.785,0,0,-15,19.45,0
2025-01-27 12:05:58.820,0,0,-15,19.85,0
2025-01-27 12:05:58.851,0,0,-15,20.25,0
2025-01-27 12:05:58.886,0,0,-15,20.65,0
2025-01-27 12:05:58.918,0,0,-15,21.05,0
2025-01-27 12:05:58.952,0,0,-15,21.45,0
2025-01-27 12:05:58.987,0,0,-15,21.84999,0
2025-01-27 12:05:59.019,0,0,-15,22.24999,0
2025-01-27 12:05:59.054,0,0,-15,16.25,0
2025-01-27 12:05:59.086,0,0,-15,16.65,0
2025-01-27 12:05:59.119,0,0,-15,17.05,0
2025-01-27 12:05:59.154,0,0,-15,17.45,0
2025-01-27 12:05:59.186,0,0,-15,17.85,0
2025-01-27 12:05:59.218,0,0,-15,18.25,0
2025-01-27 12:05:59.254,0,0,-15,18.65,0
2025-01-27 12:05:59.290,0,0,-15,19.05,0
2025-01-27 12:05:59.320,0,0,-15,19.45,0
2025-01-27 12:05:59.353,0,0,-15,19.85,0
2025-01-27 12:05:59.385,0,0,-15,20.25,0
2025-01-27 12:05:59.419,0,0,-15,20.65,0
2025-01-27 12:05:59.452,0,0,-15,21.05,0
2025-01-27 12:05:59.492,0,0,-15,21.45,0
2025-01-27 12:05:59.520,0,0,-15,21.84999,0
2025-01-27 12:05:59.554,0,0,-15,22.24999,0
2025-01-27 12:05:59.588,0,0,-12.30985,16.25,0
2025-01-27 12:05:59.620,0,0,-12.30985,16.65,0
2025-01-27 12:05:59.651,0,0,-12.30985,17.05,0
2025-01-27 12:05:59.692,0,0,-12.30985,17.45,0
2025-01-27 12:05:59.719,0,0,-12.30985,17.85,0
2025-01-27 12:05:59.752,0,0,-12.30985,18.25,0
2025-01-27 12:05:59.785,0,0,-12.30985,18.65,0
2025-01-27 12:05:59.819,0,0,-12.30985,19.05,0
2025-01-27 12:05:59.853,0,0,-12.30985,19.45,0
2025-01-27 12:05:59.894,0,0,-12.30985,19.85,0
2025-01-27 12:05:59.918,0,0,-12.30985,20.25,0
2025-01-27 12:05:59.955,0,0,-12.30985,20.65,0
2025-01-27 12:05:59.987,0,0,-12.30985,21.05,0
2025-01-27 12:06:00.022,0,0,-12.30985,21.45,0
2025-01-27 12:06:00.052,0,0,-12.30985,21.84999,0
2025-01-27 12:06:00.094,0,0,-12.30985,22.24999,0
2025-01-27 12:06:00.123,0,0,-12.28387,16.25,0
2025-01-27 12:06:00.152,0,0,-12.28387,16.65,0
2025-01-27 12:06:00.185,0,0,-12.28387,17.05,0
2025-01-27 12:06:00.218,0,0,-12.28387,17.45,0
2025-01-27 12:06:00.253,0,0,-12.28387,17.85,0
2025-01-27 12:06:00.297,0,0,-12.28387,18.25,0
2025-01-27 12:06:00.321,0,0,-12.28387,18.65,0
2025-01-27 12:06:00.354,0,0,-12.28387,19.05,0
2025-01-27 12:06:00.385,0,0,-12.28387,19.45,0
2025-01-27 12:06:00.418,0,0,-12.28387,19.85,0
2025-01-27 12:06:00.454,0,0,-12.28387,20.25,0
2025-01-27 12:06:00.497,0,0,-12.28387,20.65,0
2025-01-27 12:06:00.521,0,0,-12.28387,21.05,0
2025-01-27 12:06:00.554,0,0,-12.28387,21.45,0
2025-01-27 12:06:00.588,0,0,-12.28387,21.84999,0
2025-01-27 12:06:00.619,0,0,-12.28387,22.24999,0
2025-01-27 12:06:00.652,0,0,-15,16.25,0
2025-01-27 12:06:00.698,0,0,-15,16.65,0
2025-01-27 12:06:00.721,0,0,-15,17.05,0
2025-01-27 12:06:00.755,0,0,-15,17.45,0
2025-01-27 12:06:00.787,0,0,-15,17.85,0
2025-01-27 12:06:00.820,0,0,-15,18.25,0
2025-01-27 12:06:00.853,0,0,-15,18.65,0
2025-01-27 12:06:00.902,0,0,-15,19.05,0
2025-01-27 12:06:00.919,0,0,-15,19.45,0
2025-01-27 12:06:00.951,0,0,-15,19.85,0
2025-01-27 12:06:00.988,0,0,-15,20.25,0
2025-01-27 12:06:01.018,0,0,-15,20.65,0
2025-01-27 12:06:01.051,0,0,-15,21.05,0
2025-01-27 12:06:01.105,0,0,-15,21.45,0
2025-01-27 12:06:01.121,0,0,-15,21.84999,0
2025-01-27 12:06:01.154,0,0,-15,22.24999,0
2025-01-27 12:06:01.185,0,0,-15,16.25,0
2025-01-27 12:06:01.221,0,0,-15,16.65,0
2025-01-27 12:06:01.253,0,0,-15,17.05,0
2025-01-27 12:06:01.305,0,0,-15,17.45,0
2025-01-27 12:06:01.319,0,0,-15,17.85,0
2025-01-27 12:06:01.352,0,0,-15,18.25,0
2025-01-27 12:06:01.385,0,0,-15,18.65,0
2025-01-27 12:06:01.418,0,0,-15,19.05,0
2025-01-27 12:06:01.453,0,0,-15,19.45,0
2025-01-27 12:06:01.509,0,0,-15,19.85,0
2025-01-27 12:06:01.519,0,0,-15,20.25,0
2025-01-27 12:06:01.554,0,0,-15,20.65,0
2025-01-27 12:06:01.585,0,0,-15,21.05,0
2025-01-27 12:06:01.619,0,0,-15,21.45,0
2025-01-27 12:06:01.653,0,0,-15,21.84999,0
2025-01-27 12:06:01.685,0,0,-15,22.24999,0
2025-01-27 12:06:01.721,0,0,-14.1722,16.25,0
2025-01-27 12:06:01.753,0,0,-14.1722,16.65,0
2025-01-27 12:06:01.787,0,0,-14.1722,17.05,0
2025-01-27 12:06:01.820,0,0,-14.1722,17.45,0
2025-01-27 12:06:01.853,0,0,-14.1722,17.85,0
2025-01-27 12:06:01.888,0,0,-14.1722,18.25,0
2025-01-27 12:06:01.919,0,0,-14.1722,18.65,0
2025-01-27 12:06:01.954,0,0,-14.1722,19.05,0
2025-01-27 12:06:01.985,0,0,-14.1722,19.45,0
2025-01-27 12:06:02.022,0,0,-14.1722,19.85,0
2025-01-27 12:06:02.052,0,0,-14.1722,20.25,0
2025-01-27 12:06:02.091,0,0,-14.1722,20.65,0
2025-01-27 12:06:02.122,0,0,-14.1722,21.05,0
2025-01-27 12:06:02.151,0,0,-14.1722,21.45,0
2025-01-27 12:06:02.188,0,0,-14.1722,21.84999,0
2025-01-27 12:06:02.221,0,0,-14.1722,22.24999,0
2025-01-27 12:06:02.252,0,0,-10.77154,16.25,0
2025-01-27 12:06:02.286,0,0,-10.77154,16.65,0
2025-01-27 12:06:02.325,0,0,-10.77154,17.05,0
2025-01-27 12:06:02.356,0,0,-10.77154,17.45,0
2025-01-27 12:06:02.386,0,0,-10.77154,17.85,0
2025-01-27 12:06:02.419,0,0,-10.77154,18.25,0
2025-01-27 12:06:02.454,0,0,-10.77154,18.65,0
2025-01-27 12:06:02.485,0,0,-10.77154,19.05,0
2025-01-27 12:06:02.523,0,0,-10.77154,19.45,0
2025-01-27 12:06:02.551,0,0,-10.77154,19.85,0
2025-01-27 12:06:02.586,0,0,-10.77154,20.25,0
2025-01-27 12:06:02.620,0,0,-10.77154,20.65,0
2025-01-27 12:06:02.652,0,0,-10.77154,21.05,0
2025-01-27 12:06:02.687,0,0,-10.77154,21.45,0
2025-01-27 12:06:02.730,0,0,-10.77154,21.84999,0
2025-01-27 12:06:02.756,0,0,-10.77154,22.24999,0
2025-01-27 12:06:02.786,0,0,-9.788094,16.25,0
2025-01-27 12:06:02.818,0,0,-9.788094,16.65,0
2025-01-27 12:06:02.852,0,0,-9.788094,17.05,0
2025-01-27 12:06:02.888,0,0,-9.788094,17.45,0
2025-01-27 12:06:02.928,0,0,-9.788094,17.85,0
2025-01-27 12:06:02.952,0,0,-9.788094,18.25,0
2025-01-27 12:06:02.987,0,0,-9.788094,18.65,0
2025-01-27 12:06:03.021,0,0,-9.788094,19.05,0
2025-01-27 12:06:03.054,0,0,-9.788094,19.45,0
2025-01-27 12:06:03.084,0,0,-9.788094,19.85,0
2025-01-27 12:06:03.127,0,0,-9.788094,20.25,0
2025-01-27 12:06:03.151,0,0,-9.788094,20.65,0
2025-01-27 12:06:03.184,0,0,-9.788094,21.05,0
2025-01-27 12:06:03.227,0,0,-9.788094,21.45,0
2025-01-27 12:06:03.252,0,0,-9.788094,21.84999,0
2025-01-27 12:06:03.284,0,0,-9.788094,22.24999,0
2025-01-27 12:06:03.332,0,0,-9.786863,16.25,0
2025-01-27 12:06:03.352,0,0,-9.786863,16.65,0
2025-01-27 12:06:03.388,0,0,-9.786863,17.05,0
2025-01-27 12:06:03.419,0,0,-9.786863,17.45,0
