CurrentDateTime,PlayerX,PlayerY,ColumnX,ColumnY,HitData
03-02-2025 10:19:34, -9.6, 0.6684517, -6.76, -0.93, 0
03-02-2025 10:19:34, -9.6, 0.6684517, -6.76, -0.93, 0
03-02-2025 10:19:34, -9.6, 0.6684517, -6.76, -0.93, 0
03-02-2025 10:19:34, -9.6, 0.6684517, -6.76, -0.93, 0
03-02-2025 10:19:34, -9.6, 0.6684517, -6.76, -0.93, 0
03-02-2025 10:19:34, -9.6, 0.6684517, -6.76, -0.93, 0
03-02-2025 10:19:34, -9.6, 0.6684517, -6.76, -0.93, 0
03-02-2025 10:19:34, -9.6, 0.6684517, -6.76, -0.93, 0
03-02-2025 10:19:34, -9.6, 0.6684517, -6.76, -0.93, 0
03-02-2025 10:19:34, -9.6, 0.6684517, -6.76, -0.93, 0
03-02-2025 10:19:34, -9.6, 0.6684517, -6.76, -0.93, 0
03-02-2025 10:19:34, -9.6, 0.6684517, -6.76, -0.93, 0
03-02-2025 10:19:34, -9.6, 0.6684517, -6.76, -0.93, 0
03-02-2025 10:19:34, -9.6, 0.6684517, -6.76, -0.93, 0
03-02-2025 10:19:34, -9.6, 0.6684517, -6.76, -0.93, 0
03-02-2025 10:19:34, -9.6, 0.6684517, -6.76, -0.93, 0
03-02-2025 10:19:34, -9.6, 0.6684517, -6.76, -0.93, 0
03-02-2025 10:19:34, -9.6, 0.6684517, -6.76, -0.93, 0
03-02-2025 10:19:34, -9.6, 0.6684517, -6.76, -0.93, 0
03-02-2025 10:19:34, -9.6, 0.6684517, -6.76, -0.93, 0
03-02-2025 10:19:34, -9.6, 0.6684517, -6.76, -0.93, 0
03-02-2025 10:19:34, -9.6, 0.6684517, -6.76, -0.93, 0
03-02-2025 10:19:34, -9.6, 0.6684517, -6.76, -0.93, 0
03-02-2025 10:19:34, -9.6, 0.6684517, -6.76, -0.93, 0
03-02-2025 10:19:34, -9.6, 0.6684517, -6.76, -0.93, 0
03-02-2025 10:19:34, -9.6, 0.6684517, -6.76, -0.93, 0
03-02-2025 10:19:34, -9.6, 0.6684517, -6.76, -0.93, 0
03-02-2025 10:19:34, -9.6, 0.6684517, -6.76, -0.93, 0
03-02-2025 10:19:34, -9.6, 0.6684517, -6.76, -0.93, 0
03-02-2025 10:19:34, -9.6, 0.6684517, -6.76, -0.93, 0
03-02-2025 10:19:34, -9.6, 0.6684517, -6.76, -0.93, 0
03-02-2025 10:19:34, -9.6, 0.6684517, -6.76, -0.93, 0
03-02-2025 10:19:34, -9.6, 0.6684517, -6.76, -0.93, 0
03-02-2025 10:19:34, -9.6, 0.6684517, -6.76, -0.93, 0
03-02-2025 10:19:34, -9.6, 0.6684517, -6.76, -0.93, 0
03-02-2025 10:19:34, -9.6, 0.6684517, -6.76, -0.93, 0
03-02-2025 10:19:34, -9.6, 0.6684517, -6.76, -0.93, 0
03-02-2025 10:19:34, -9.6, 0.6684517, -6.76, -0.93, 0
03-02-2025 10:19:34, -9.6, 0.6684517, -6.76, -0.93, 0
03-02-2025 10:19:34, -9.6, 0.6684517, -6.76, -0.93, 0
03-02-2025 10:19:34, -9.6, 0.6684517, -6.76, -0.93, 0
03-02-2025 10:19:34, -9.6, 0.6685548, -6.76, -0.93, 0
03-02-2025 10:19:34, -9.6, 0.6685548, -6.76, -0.93, 0
03-02-2025 10:19:34, -9.6, 0.6685548, -6.76, -0.93, 0
03-02-2025 10:19:35, -9.6, 0.6685548, -6.76, -0.93, 0
03-02-2025 10:19:35, -9.6, 0.6685548, -6.76, -0.93, 0
03-02-2025 10:19:35, -9.6, 0.6685548, -6.76, -0.93, 0
03-02-2025 10:19:35, -9.6, 0.6685548, -6.76, -0.93, 0
03-02-2025 10:19:35, -9.6, 0.6685548, -6.76, -0.93, 0
03-02-2025 10:19:35, -9.6, 0.6685548, -6.76, -0.93, 0
03-02-2025 10:19:35, -9.6, 0.6685548, -6.76, -0.93, 0
03-02-2025 10:19:35, -9.6, 0.6685548, -6.76, -0.93, 0
03-02-2025 10:19:35, -9.6, 0.6685548, -6.76, -0.93, 0
03-02-2025 10:19:35, -9.6, 0.6685548, -6.76, -0.93, 0
03-02-2025 10:19:35, -9.6, 0.6685548, -6.76, -0.93, 0
03-02-2025 10:19:35, -9.6, 0.6685548, -6.76, -0.93, 0
03-02-2025 10:19:35, -9.6, 0.6685548, -6.76, -0.93, 0
03-02-2025 10:19:35, -9.6, 0.6685548, -6.76, -0.93, 0
03-02-2025 10:19:35, -9.6, 0.6685548, -6.76, -0.93, 0
03-02-2025 10:19:35, -9.6, 0.6685548, -6.76, -0.93, 0
03-02-2025 10:19:35, -9.6, 0.6685548, -6.76, -0.93, 0
03-02-2025 10:19:35, -9.6, 0.6685548, -6.76, -0.93, 0
03-02-2025 10:19:35, -9.6, 0.6685548, -6.76, -0.93, 0
03-02-2025 10:19:35, -9.6, 0.6685548, -6.76, -0.93, 0
03-02-2025 10:19:35, -9.6, 0.6685548, -6.76, -0.93, 0
03-02-2025 10:19:35, -9.6, 0.6685548, -6.76, -0.93, 0
03-02-2025 10:19:35, -9.6, 0.6685548, -6.76, -0.93, 0
03-02-2025 10:19:35, -9.6, 0.6685548, -6.76, -0.93, 0
03-02-2025 10:19:35, -9.6, 0.6685548, -6.76, -0.93, 0
03-02-2025 10:19:35, -9.6, 0.6685548, -6.76, -0.93, 0
03-02-2025 10:19:35, -9.6, 0.6685548, -6.76, -0.93, 0
03-02-2025 10:19:35, -9.6, 0.6685548, -6.76, -0.93, 0
03-02-2025 10:19:35, -9.6, 0.6685548, -6.76, -0.93, 0
03-02-2025 10:19:35, -9.6, 0.6685548, -6.76, -0.93, 0
03-02-2025 10:19:35, -9.6, 0.6685548, -6.76, -0.93, 0
03-02-2025 10:19:35, -9.6, 0.6685548, -6.76, -0.93, 0
03-02-2025 10:19:35, -9.6, 0.6685548, -6.76, -0.93, 0
03-02-2025 10:19:35, -9.6, 0.6685548, -6.76, -0.93, 0
03-02-2025 10:19:35, -9.6, 0.6684517, -6.76, -0.93, 0
03-02-2025 10:19:35, -9.6, 0.6684517, -6.76, -0.93, 0
03-02-2025 10:19:35, -9.6, 0.6684517, -6.76, -0.93, 0
03-02-2025 10:19:35, -9.6, 0.6684517, -6.76, -0.93, 0
03-02-2025 10:19:35, -9.6, 0.6683485, -6.76, -0.93, 0
03-02-2025 10:19:35, -9.6, 0.6683485, -6.76, -0.93, 0
03-02-2025 10:19:35, -9.6, 0.6683485, -6.76, -0.93, 0
03-02-2025 10:19:35, -9.6, 0.6683485, -6.76, -0.93, 0
03-02-2025 10:19:35, -9.6, 0.6683485, -6.76, -0.93, 0
03-02-2025 10:19:35, -9.6, 0.6683485, -6.76, -0.93, 0
03-02-2025 10:19:35, -9.6, 0.6683485, -6.76, -0.93, 0
03-02-2025 10:19:35, -9.6, 0.6683485, -6.76, -0.93, 0
03-02-2025 10:19:35, -9.6, 0.6683485, -6.76, -0.93, 0
03-02-2025 10:19:35, -9.6, 0.6684517, -6.76, -0.93, 0
03-02-2025 10:19:35, -9.6, 0.6684517, -6.76, -0.93, 0
03-02-2025 10:19:35, -9.6, 0.6684517, -6.76, -0.93, 0
03-02-2025 10:19:35, -9.6, 0.6683485, -6.76, -0.93, 0
03-02-2025 10:19:35, -9.6, 0.6683485, -6.76, -0.93, 0
03-02-2025 10:19:35, -9.6, 0.6683485, -6.76, -0.93, 0
03-02-2025 10:19:35, -9.6, 0.6683485, -6.76, -0.93, 0
03-02-2025 10:19:35, -9.6, 0.6683485, -6.76, -0.93, 0
03-02-2025 10:19:35, -9.6, 0.6683485, -6.76, -0.93, 0
03-02-2025 10:19:35, -9.6, 0.6683485, -6.76, -0.93, 0
03-02-2025 10:19:35, -9.6, 0.6683485, -6.76, -0.93, 0
03-02-2025 10:19:35, -9.6, 0.6683485, -6.76, -0.93, 0
03-02-2025 10:19:35, -9.6, 0.6682454, -6.76, -0.93, 0
03-02-2025 10:19:35, -9.6, 0.6682454, -6.76, -0.93, 0
03-02-2025 10:19:35, -9.6, 0.6683485, -6.76, -0.93, 0
03-02-2025 10:19:35, -9.6, 0.6683485, -6.76, -0.93, 0
03-02-2025 10:19:35, -9.6, 0.6683485, -6.76, -0.93, 0
03-02-2025 10:19:35, -9.6, 0.6683485, -6.76, -0.93, 0
03-02-2025 10:19:35, -9.6, 0.6684517, -6.76, -0.93, 0
03-02-2025 10:19:35, -9.6, 0.6683485, -6.76, -0.93, 0
03-02-2025 10:19:35, -9.6, 0.6683485, -6.76, -0.93, 0
03-02-2025 10:19:35, -9.6, 0.6683485, -6.76, -0.93, 0
03-02-2025 10:19:35, -9.6, 0.6683485, -6.76, -0.93, 0
03-02-2025 10:19:35, -9.6, 0.6683485, -6.76, -0.93, 0
03-02-2025 10:19:35, -9.6, 0.6683485, -6.76, -0.93, 0
03-02-2025 10:19:35, -9.6, 0.6683485, -6.76, -0.93, 0
03-02-2025 10:19:35, -9.6, 0.6683485, -6.76, -0.93, 0
03-02-2025 10:19:36, -9.6, 0.6683485, -6.76, -0.93, 0
03-02-2025 10:19:36, -9.6, 0.6683485, -6.76, -0.93, 0
03-02-2025 10:19:36, -9.6, 0.6683485, -6.76, -0.93, 0
03-02-2025 10:19:36, -9.6, 0.6683485, -6.76, -0.93, 0
03-02-2025 10:19:36, -9.6, 0.6683485, -6.76, -0.93, 0
03-02-2025 10:19:36, -9.6, 0.6683485, -6.76, -0.93, 0
03-02-2025 10:19:36, -9.6, 0.6683485, -6.76, -0.93, 0
03-02-2025 10:19:36, -9.6, 0.6683485, -6.76, -0.93, 0
03-02-2025 10:19:36, -9.6, 0.6683485, -6.76, -0.93, 0
03-02-2025 10:19:36, -9.6, 0.6683485, -6.76, -0.93, 0
03-02-2025 10:19:36, -9.6, 0.6683485, -6.76, -0.93, 0
03-02-2025 10:19:36, -9.6, 0.6683485, -6.76, -0.93, 0
03-02-2025 10:19:36, -9.6, 0.6683485, -6.76, -0.93, 0
03-02-2025 10:19:36, -9.6, 0.6683485, -6.76, -0.93, 0
03-02-2025 10:19:36, -9.6, 0.6683485, -6.76, -0.93, 0
03-02-2025 10:19:36, -9.6, 0.6683485, -6.76, -0.93, 0
03-02-2025 10:19:36, -9.6, 0.6683485, -6.76, -0.93, 0
03-02-2025 10:19:36, -9.6, 0.6683485, -6.76, -0.93, 0
03-02-2025 10:19:36, -9.6, 0.6683485, -6.76, -0.93, 0
03-02-2025 10:19:36, -9.6, 0.6683485, -6.76, -0.93, 0
03-02-2025 10:19:36, -9.6, 0.6683485, -6.76, -0.93, 0
03-02-2025 10:19:36, -9.6, 0.6683485, -6.76, -0.93, 0
03-02-2025 10:19:36, -9.6, 0.6683485, -6.86, -0.93, 0
03-02-2025 10:19:36, -9.6, 0.6683485, -6.96, -0.93, 0
03-02-2025 10:19:36, -9.6, 0.6683485, -7.059999, -0.93, 0
03-02-2025 10:19:36, -9.6, 0.6683485, -7.059999, -0.93, 0
03-02-2025 10:19:36, -9.6, 0.6683485, -7.159999, -0.93, 0
03-02-2025 10:19:36, -9.6, 0.6683485, -7.259999, -0.93, 0
03-02-2025 10:19:36, -9.6, 0.6683485, -7.359999, -0.93, 0
03-02-2025 10:19:36, -9.6, 0.6683485, -7.359999, -0.93, 0
03-02-2025 10:19:36, -9.6, 0.6683485, -7.459999, -0.93, 0
03-02-2025 10:19:36, -9.6, 0.6683485, -7.559999, -0.93, 0
03-02-2025 10:19:36, -9.6, 0.6683485, -7.659999, -0.93, 0
03-02-2025 10:19:36, -9.6, 0.6683485, -7.659999, -0.93, 0
03-02-2025 10:19:36, -9.6, 0.6683485, -7.759999, -0.93, 0
03-02-2025 10:19:36, -9.6, 0.6683485, -7.859999, -0.93, 0
03-02-2025 10:19:36, -9.6, 0.6683485, -7.859999, -0.93, 0
03-02-2025 10:19:36, -9.6, 0.6683485, -7.959999, -0.93, 0
03-02-2025 10:19:36, -9.6, 0.6683485, -8.059999, -0.93, 0
03-02-2025 10:19:36, -9.6, 0.6683485, -8.059999, -0.93, 0
03-02-2025 10:19:36, -9.6, 0.6683485, -8.159999, -0.93, 0
03-02-2025 10:19:36, -9.6, 0.6683485, -8.259999, -0.93, 0
03-02-2025 10:19:36, -9.6, 0.6683485, -8.259999, -0.93, 0
03-02-2025 10:19:36, -9.6, 0.6683485, -8.36, -0.93, 0
03-02-2025 10:19:36, -9.6, 0.6683485, -8.46, -0.93, 0
03-02-2025 10:19:36, -9.6, 0.6683485, -8.46, -0.93, 0
03-02-2025 10:19:36, -9.6, 0.6683485, -8.56, -0.93, 0
03-02-2025 10:19:36, -9.6, 0.6683485, -8.660001, -0.93, 0
03-02-2025 10:19:36, -9.6, 0.6683485, -8.760001, -0.93, 0
03-02-2025 10:19:36, -9.6, 0.6683485, -8.760001, -0.93, 0
03-02-2025 10:19:36, -9.6, 0.6683485, -8.860002, -0.93, 0
03-02-2025 10:19:36, -9.6, 0.6683485, -8.960002, -0.93, 0
03-02-2025 10:19:36, -9.6, 0.6683485, -9.060002, -0.93, 0
03-02-2025 10:19:36, -9.6, 0.6683485, -9.060002, -0.93, 0
03-02-2025 10:19:36, -9.6, 0.6683485, -9.160003, -0.93, 0
03-02-2025 10:19:36, -9.6, 0.6684517, -9.260003, -0.93, 0
03-02-2025 10:19:36, -9.6, 0.6683485, -9.260003, -0.93, 0
03-02-2025 10:19:36, -9.6, 0.6682454, -9.360003, -0.93, 0
03-02-2025 10:19:36, -9.6, 0.6680411, -9.460004, -0.93, 0
03-02-2025 10:19:36, -9.6, 0.6677316, -9.560004, -0.93, 0
03-02-2025 10:19:36, -9.6, 0.6665041, -9.560004, -0.93, 0
03-02-2025 10:19:36, -9.6, 0.6665041, -9.660005, -0.93, 0
03-02-2025 10:19:36, -9.6, 0.6665041, -9.760005, -0.93, 0
03-02-2025 10:19:36, -9.6, 0.6665041, -9.760005, -0.93, 0
03-02-2025 10:19:36, -9.6, 0.6665041, -9.860005, -0.93, 0
03-02-2025 10:19:36, -9.6, 0.6665041, -9.860005, -0.93, 0
03-02-2025 10:19:36, -9.6, 0.6665041, -9.960006, -0.93, 0
03-02-2025 10:19:36, -9.6, 0.6665041, -10.06001, -0.93, 0
03-02-2025 10:19:36, -9.6, 0.6665041, -10.06001, -0.93, 0
03-02-2025 10:19:36, -9.6, 0.6680349, -10.16001, -0.93, 0
03-02-2025 10:19:36, -9.6, 0.6680349, -10.16001, -0.93, 0
03-02-2025 10:19:36, -9.6, 0.6680349, -10.26001, -0.93, 0
03-02-2025 10:19:37, -9.6, 0.6681443, -10.36001, -0.93, 0
03-02-2025 10:19:37, -9.6, 0.6681443, -10.36001, -0.93, 0
03-02-2025 10:19:37, -9.6, 0.6682412, -10.46001, -0.93, 0
03-02-2025 10:19:37, -9.6, 0.7328604, -10.46001, -0.93, 0
03-02-2025 10:19:37, -9.6, 0.7472569, -10.56001, -0.93, 0
03-02-2025 10:19:37, -9.6, 0.7549689, -10.66001, -0.93, 0
03-02-2025 10:19:37, -9.6, 0.7635082, -10.66001, -0.93, 0
03-02-2025 10:19:37, -9.6, 0.7730708, -10.76001, -0.93, 0
03-02-2025 10:19:37, -9.6, 0.7815028, -10.76001, -0.93, 0
03-02-2025 10:19:37, -9.6, 0.7919896, -10.76001, -0.93, 0
03-02-2025 10:19:37, -9.6, 1.21289, -10.86001, -0.93, 0
03-02-2025 10:19:37, -9.6, 1.237023, -10.96001, -0.93, 0
03-02-2025 10:19:37, -9.6, 1.269731, -11.06001, -0.93, 0
03-02-2025 10:19:37, -9.6, 1.307493, -11.06001, -0.93, 0
03-02-2025 10:19:37, -9.6, 1.335151, -11.16001, -0.93, 0
03-02-2025 10:19:37, -9.6, 1.367866, -11.26001, -0.93, 0
03-02-2025 10:19:37, -9.6, 2.018391, -11.26001, -0.93, 0
03-02-2025 10:19:37, -9.6, 2.043128, -11.36001, -0.93, 0
03-02-2025 10:19:37, -9.6, 2.075211, -11.36001, -0.93, 0
03-02-2025 10:19:37, -9.6, 2.075211, -11.46001, -0.93, 0
03-02-2025 10:19:37, -9.6, 2.150138, -11.56001, -0.93, 0
03-02-2025 10:19:37, -9.6, 2.187305, -11.56001, -0.93, 0
03-02-2025 10:19:37, -9.6, 2.932447, -11.66001, -0.93, 0
03-02-2025 10:19:37, -9.6, 2.966173, -11.66001, -0.93, 0
03-02-2025 10:19:37, -9.6, 3.007559, -11.76001, -0.93, 0
03-02-2025 10:19:37, -9.6, 3.03922, -11.76001, -0.93, 0
03-02-2025 10:19:37, -9.6, 3.076665, -11.86001, -0.93, 0
03-02-2025 10:19:37, -9.6, 3.111107, -11.86001, -0.93, 0
03-02-2025 10:19:37, -9.6, 3.144623, -11.96001, -0.93, 0
03-02-2025 10:19:37, -9.6, 3.830982, -12.06001, -0.93, 0
03-02-2025 10:19:37, -9.6, 3.871572, -12.06001, -0.93, 0
03-02-2025 10:19:37, -9.6, 3.914827, -12.16001, -0.93, 0
03-02-2025 10:19:37, -9.6, 3.938203, -12.16001, -0.93, 0
03-02-2025 10:19:37, -9.6, 3.964033, -12.26001, -0.93, 0
03-02-2025 10:19:37, -9.6, 4.003038, -12.36001, -0.93, 0
03-02-2025 10:19:37, -9.6, 4.633324, -12.36001, -0.93, 0
03-02-2025 10:19:37, -9.6, 4.633324, -12.46002, -0.93, 0
03-02-2025 10:19:37, -9.6, 4.685859, -12.46002, -0.93, 0
03-02-2025 10:19:37, -9.6, 4.713237, -12.56002, -0.93, 0
03-02-2025 10:19:37, -9.6, 4.747446, -12.66002, -0.93, 0
03-02-2025 10:19:37, -9.6, 4.763777, -12.66002, -0.93, 0
03-02-2025 10:19:37, -9.6, 4.780208, -12.76002, -0.93, 0
03-02-2025 10:19:37, -9.6, 4.793983, -12.76002, -0.93, 0
03-02-2025 10:19:37, -9.6, 5.241207, -12.86002, -0.93, 0
03-02-2025 10:19:37, -9.6, 5.258838, -12.96002, -0.93, 0
03-02-2025 10:19:37, -9.6, 5.276978, -12.96002, -0.93, 0
03-02-2025 10:19:37, -9.6, 5.290855, -13.06002, -0.93, 0
03-02-2025 10:19:37, -9.6, 5.315258, -13.06002, -0.93, 0
03-02-2025 10:19:37, -9.6, 5.339449, -13.16002, -0.93, 0
03-02-2025 10:19:37, -9.6, 5.354934, -13.26002, -0.93, 0
03-02-2025 10:19:37, -9.6, 5.626353, -13.26002, -0.93, 0
03-02-2025 10:19:37, -9.6, 5.637018, -13.36002, -0.93, 0
03-02-2025 10:19:37, -9.6, 5.649809, -13.46002, -0.93, 0
03-02-2025 10:19:37, -9.6, 5.661783, -13.46002, -0.93, 0
03-02-2025 10:19:37, -9.6, 5.66963, -13.56002, -0.93, 0
03-02-2025 10:19:37, -9.6, 5.675158, -13.66002, -0.93, 0
03-02-2025 10:19:37, -9.6, 5.779269, -13.66002, -0.93, 0
03-02-2025 10:19:37, -9.6, 5.779874, -13.76002, -0.93, 0
03-02-2025 10:19:37, -9.6, 5.780572, -13.76002, -0.93, 0
03-02-2025 10:19:37, -9.6, 5.780778, -13.86002, -0.93, 0
03-02-2025 10:19:37, -9.6, 5.780578, -13.96002, -0.93, 0
03-02-2025 10:19:37, -9.6, 5.779771, -13.96002, -0.93, 0
03-02-2025 10:19:37, -9.6, 5.779371, -14.06002, -0.93, 0
03-02-2025 10:19:37, -9.6, 5.774147, -14.06002, -0.93, 0
03-02-2025 10:19:37, -9.6, 5.774147, -14.16002, -0.93, 0
03-02-2025 10:19:37, -9.6, 5.774049, -14.26002, -0.93, 0
03-02-2025 10:19:37, -9.6, 5.773952, -14.26002, -0.93, 0
03-02-2025 10:19:37, -9.6, 5.773747, -14.36002, -0.93, 0
03-02-2025 10:19:37, -9.6, 5.773649, -14.46002, -0.93, 0
03-02-2025 10:19:37, -9.6, 5.773147, -14.46002, -0.93, 0
03-02-2025 10:19:37, -9.6, 5.608938, -14.56002, -0.93, 0
03-02-2025 10:19:37, -9.6, 5.593626, -14.66002, -0.93, 0
03-02-2025 10:19:37, -9.6, 5.576801, -14.66002, -0.93, 0
03-02-2025 10:19:37, -9.6, 5.567628, -14.76002, -0.93, 0
03-02-2025 10:19:37, -9.6, 5.554729, -14.86002, -0.93, 0
03-02-2025 10:19:37, -9.6, 5.542928, -14.96002, -0.93, 0
03-02-2025 10:19:37, -9.6, 5.52679, -15.16003, -0.93, 0
03-02-2025 10:19:37, -9.6, 5.019582, -15.16003, -0.93, 0
03-02-2025 10:19:37, -9.6, 4.984282, -15.26003, -0.93, 0
03-02-2025 10:19:38, -9.6, 4.949572, -15.36003, -0.93, 0
03-02-2025 10:19:38, -9.6, 4.907818, -15.46003, -0.93, 0
03-02-2025 10:19:38, -9.6, 4.871242, -15.46003, -0.93, 0
03-02-2025 10:19:38, -9.6, 4.189318, -15.56003, -0.93, 0
03-02-2025 10:19:38, -9.6, 4.146267, -15.56003, -0.93, 0
03-02-2025 10:19:38, -9.6, 4.096003, -15.66003, -0.93, 0
03-02-2025 10:19:38, -9.6, 4.050447, -15.76003, -0.93, 0
03-02-2025 10:19:38, -9.6, 4.000967, -15.86003, -0.93, 0
03-02-2025 10:19:38, -9.6, 3.978429, -15.86003, -0.93, 0
03-02-2025 10:19:38, -9.6, 2.49332, -15.96003, -0.93, 0
03-02-2025 10:19:38, -9.6, 2.455943, -15.96003, -0.93, 0
03-02-2025 10:19:38, -9.6, 2.40696, -16.06003, -0.93, 0
03-02-2025 10:19:38, -9.6, 2.353005, -16.16003, -0.93, 0
03-02-2025 10:19:38, -9.6, 2.312108, -16.26003, -0.93, 0
03-02-2025 10:19:38, -9.6, 2.280517, -16.26003, -0.93, 0
03-02-2025 10:19:38, -9.6, 2.220777, -16.36003, -0.93, 0
03-02-2025 10:19:38, -9.6, 2.220777, -16.46003, -0.93, 0
03-02-2025 10:19:38, -9.6, 1.272182, -16.46003, -0.93, 0
03-02-2025 10:19:38, -9.6, 1.215929, -16.56003, -0.93, 0
03-02-2025 10:19:38, -9.6, 1.155259, -16.66003, -0.93, 0
03-02-2025 10:19:38, -9.6, 1.123592, -16.66003, -0.93, 0
03-02-2025 10:19:38, -9.6, 1.088325, -16.76003, -0.93, 0
03-02-2025 10:19:38, -9.6, 1.054706, -16.76003, -0.93, 0
03-02-2025 10:19:38, -9.6, 0.9991462, -16.86003, -0.93, 0
03-02-2025 10:19:38, -9.6, -0.063684, -16.86003, -0.93, 0
03-02-2025 10:19:38, -9.6, -0.1190934, -16.96003, -0.93, 0
03-02-2025 10:19:38, -9.6, -0.1698814, -17.06003, -0.93, 0
03-02-2025 10:19:38, -9.6, -0.2132958, -17.06003, -0.93, 0
03-02-2025 10:19:38, -9.6, -0.2702401, -17.16003, -0.93, 0
03-02-2025 10:19:38, -9.6, -0.3090228, -17.16003, -0.93, 0
03-02-2025 10:19:38, -9.6, -1.290933, -17.26003, -0.93, 0
03-02-2025 10:19:38, -9.6, -1.324331, -17.26003, -0.93, 0
03-02-2025 10:19:38, -9.6, -1.371226, -17.36003, -0.93, 0
03-02-2025 10:19:38, -9.6, -1.424194, -17.46003, -0.93, 0
03-02-2025 10:19:38, -9.6, -1.461118, -17.56003, -0.93, 0
03-02-2025 10:19:38, -9.6, -1.494217, -17.56003, -0.93, 0
03-02-2025 10:19:38, -9.6, -1.521601, -17.66003, -0.93, 0
03-02-2025 10:19:38, -9.6, -2.225461, -17.66003, -0.93, 0
03-02-2025 10:19:38, -9.6, -2.261702, -17.76003, -0.93, 0
03-02-2025 10:19:38, -9.6, -2.295548, -17.86003, -0.93, 0
03-02-2025 10:19:38, -9.6, -2.324758, -17.86003, -0.93, 0
03-02-2025 10:19:38, -9.6, -2.355808, -17.96004, -0.93, 0
03-02-2025 10:19:38, -9.6, -2.377619, -18.06004, -0.93, 0
03-02-2025 10:19:38, -9.6, -2.400297, -18.06004, -0.93, 0
03-02-2025 10:19:38, -9.6, -2.810127, -18.16004, -0.93, 0
03-02-2025 10:19:38, -9.6, -2.821592, -18.16004, -0.93, 0
03-02-2025 10:19:38, -9.6, -2.840034, -18.26004, -0.93, 0
03-02-2025 10:19:38, -9.6, -2.855177, -18.36004, -0.93, 0
03-02-2025 10:19:38, -9.6, -2.864292, -18.36004, -0.93, 0
03-02-2025 10:19:38, -9.6, -2.882231, -18.46004, -0.93, 0
03-02-2025 10:19:38, -9.6, -3.013951, -18.56004, -0.93, 0
03-02-2025 10:19:38, -9.6, -3.014032, -18.56004, -0.93, 0
03-02-2025 10:19:38, -9.6, -3.014118, -18.66004, -0.93, 0
03-02-2025 10:19:38, -9.6, -3.013805, -18.76004, -0.93, 0
03-02-2025 10:19:38, -9.6, -3.013302, -18.76004, -0.93, 0
03-02-2025 10:19:38, -9.6, -3.01261, -18.86004, -0.93, 0
03-02-2025 10:19:38, -9.6, -3.01163, -18.96004, -0.93, 0
03-02-2025 10:19:38, -9.6, -2.990566, -19.06004, -0.93, 0
03-02-2025 10:19:38, -9.6, -2.990566, -19.06004, -0.93, 0
03-02-2025 10:19:38, -9.6, -2.988371, -19.16004, -0.93, 0
03-02-2025 10:19:38, -9.6, -2.987127, -19.26004, -0.93, 0
03-02-2025 10:19:38, -9.6, -2.986266, -19.26004, -0.93, 0
03-02-2025 10:19:38, -9.6, -2.984929, -19.36004, -0.93, 0
03-02-2025 10:19:38, -9.6, -2.984929, -19.46004, -0.93, 0
03-02-2025 10:19:38, -9.6, -2.913205, -19.46004, -0.93, 0
03-02-2025 10:19:38, -9.6, -2.909823, -19.56004, -0.93, 0
03-02-2025 10:19:38, -9.6, -2.90586, -19.56004, -0.93, 0
03-02-2025 10:19:38, -9.6, -2.901204, -19.66004, -0.93, 0
03-02-2025 10:19:38, -9.6, -2.897721, -19.76004, -0.93, 0
03-02-2025 10:19:38, -9.6, -2.891127, -19.76004, -0.93, 0
03-02-2025 10:19:38, -9.6, -2.884049, -19.86004, -0.93, 0
03-02-2025 10:19:38, -9.6, -2.659698, -19.96004, -0.93, 0
03-02-2025 10:19:38, -9.6, -2.659698, -20.06004, -0.93, 0
03-02-2025 10:19:38, -9.6, -2.633474, -20.06004, -0.93, 0
03-02-2025 10:19:38, -9.6, -2.624998, -20.16004, -0.93, 0
03-02-2025 10:19:38, -9.6, -2.603631, -20.26004, -0.93, 0
03-02-2025 10:19:39, -9.6, -2.590266, -20.36004, -0.93, 0
03-02-2025 10:19:39, -9.6, -2.576886, -20.36004, -0.93, 0
03-02-2025 10:19:39, -9.6, -2.067374, -20.46004, -0.93, 0
03-02-2025 10:19:39, -9.6, -2.030397, -20.56005, -0.93, 0
03-02-2025 10:19:39, -9.6, -1.999033, -20.66005, -0.93, 0
03-02-2025 10:19:39, -9.6, -1.999033, -20.66005, -0.93, 0
03-02-2025 10:19:39, -9.6, -1.944183, -20.76005, -0.93, 0
03-02-2025 10:19:39, -9.6, -1.92793, -20.76005, -0.93, 0
03-02-2025 10:19:39, -9.6, -1.92793, -20.86005, -0.93, 0
03-02-2025 10:19:39, -9.6, -1.054497, -20.96005, -0.93, 0
03-02-2025 10:19:39, -9.6, -1.001295, -21.06005, -0.93, 0
03-02-2025 10:19:39, -9.6, -0.9664093, -21.06005, -0.93, 0
03-02-2025 10:19:39, -9.6, -0.935939, -21.16005, -0.93, 0
03-02-2025 10:19:39, -9.6, -0.9020233, -21.26005, -0.93, 0
03-02-2025 10:19:39, -9.6, 0.1400003, -21.36005, -0.93, 0
03-02-2025 10:19:39, -9.6, 0.1789996, -21.36005, -0.93, 0
03-02-2025 10:19:39, -9.6, 0.2108439, -21.46005, -0.93, 0
03-02-2025 10:19:39, -9.6, 0.2431112, -21.56005, -0.93, 0
03-02-2025 10:19:39, -9.6, 0.2862533, -21.56005, -0.93, 0
03-02-2025 10:19:39, -9.6, 0.3216194, -21.66005, -0.93, 0
03-02-2025 10:19:39, -9.6, 0.3800781, -21.76005, -0.93, 0
03-02-2025 10:19:39, -9.6, 0.4186606, -21.76005, -0.93, 0
03-02-2025 10:19:39, -9.6, 1.471837, -21.86005, -0.93, 0
03-02-2025 10:19:39, -9.6, 1.512361, -21.86005, -0.93, 0
03-02-2025 10:19:39, -9.6, 1.566857, -21.96005, -0.93, 0
03-02-2025 10:19:39, -9.6, 1.608641, -22.06005, -0.93, 0
03-02-2025 10:19:39, -9.6, 1.643807, -22.06005, -0.93, 0
03-02-2025 10:19:39, -9.6, 1.68384, -22.16005, -0.93, 0
03-02-2025 10:19:39, -9.6, 1.731742, -22.26005, -0.93, 0
03-02-2025 10:19:39, -9.6, 1.731742, -22.26005, -0.93, 0
03-02-2025 10:19:39, -9.6, 2.993453, -22.36005, -0.93, 0
03-02-2025 10:19:39, -9.6, 3.044363, -22.46005, -0.93, 0
03-02-2025 10:19:39, -9.6, 3.068576, -22.46005, -0.93, 0
03-02-2025 10:19:39, -9.6, 3.095677, -22.56005, -0.93, 0
03-02-2025 10:19:39, -9.6, 3.14419, -22.66005, -0.93, 0
03-02-2025 10:19:39, -9.6, 3.171188, -22.66005, -0.93, 0
03-02-2025 10:19:39, -9.6, 3.911745, -22.76005, -0.93, 0
03-02-2025 10:19:39, -9.6, 3.92863, -22.86005, -0.93, 0
03-02-2025 10:19:39, -9.6, 3.954157, -22.86005, -0.93, 0
03-02-2025 10:19:39, -9.6, 3.996964, -22.96005, -0.93, 0
03-02-2025 10:19:39, -9.6, 4.021241, -23.06005, -0.93, 0
03-02-2025 10:19:39, -9.6, 4.040173, -23.16006, -0.93, 0
03-02-2025 10:19:39, -9.6, 4.06557, -23.16006, -0.93, 0
03-02-2025 10:19:39, -9.6, 4.524405, -23.26006, -0.93, 0
03-02-2025 10:19:39, -9.6, 4.536583, -23.26006, -0.93, 0
03-02-2025 10:19:39, -9.6, 4.549992, -23.36006, -0.93, 0
03-02-2025 10:19:39, -9.6, 4.564935, -23.46006, -0.93, 0
03-02-2025 10:19:39, -9.6, 4.579051, -23.46006, -0.93, 0
03-02-2025 10:19:39, -9.6, 4.592241, -23.56006, -0.93, 0
03-02-2025 10:19:39, -9.6, 4.706779, -23.66006, -0.93, 0
03-02-2025 10:19:39, -9.6, 4.704832, -23.66006, -0.93, 0
03-02-2025 10:19:39, -9.6, 4.7032, -23.76006, -0.93, 0
03-02-2025 10:19:39, -9.6, 4.701052, -23.86006, -0.93, 0
03-02-2025 10:19:39, -9.6, 4.699317, -23.86006, -0.93, 0
03-02-2025 10:19:39, -9.6, 4.697066, -23.96006, -0.93, 0
03-02-2025 10:19:39, -9.6, 4.694718, -24.06006, -0.93, 0
03-02-2025 10:19:39, -9.6, 4.539142, -24.16006, -0.93, 0
03-02-2025 10:19:39, -9.6, 4.533619, -24.16006, -0.93, 0
03-02-2025 10:19:39, -9.6, 4.524713, -24.26006, -0.93, 0
03-02-2025 10:19:39, -9.6, 4.515096, -24.26006, -0.93, 0
03-02-2025 10:19:39, -9.6, 4.504659, -24.36006, -0.93, 0
03-02-2025 10:19:39, -9.6, 4.490326, -24.36006, -0.93, 0
03-02-2025 10:19:39, -9.6, 4.475177, -24.46006, -0.93, 0
03-02-2025 10:19:39, -9.6, 4.071107, -24.56006, -0.93, 0
03-02-2025 10:19:39, -9.6, 4.04519, -24.56006, -0.93, 0
03-02-2025 10:19:39, -9.6, 4.012486, -24.66006, -0.93, 0
03-02-2025 10:19:39, -9.6, 3.986051, -24.76006, -0.93, 0
03-02-2025 10:19:39, -9.6, 3.955584, -24.76006, -0.93, 0
03-02-2025 10:19:39, -9.6, 3.926148, -24.86006, -0.93, 0
03-02-2025 10:19:39, -9.6, 3.163032, -24.96006, -0.93, 0
03-02-2025 10:19:39, -9.6, 3.136558, -24.96006, -0.93, 0
03-02-2025 10:19:39, -9.6, 3.103562, -25.06006, -0.93, 0
03-02-2025 10:19:39, -9.6, 3.060841, -25.16006, -0.93, 0
03-02-2025 10:19:39, -9.6, 3.015005, -25.16006, -0.93, 0
03-02-2025 10:19:39, -9.6, 2.989451, -25.26006, -0.93, 0
03-02-2025 10:19:40, -9.6, 2.95302, -25.36006, -0.93, 0
03-02-2025 10:19:40, -9.6, 2.131733, -25.36006, -0.93, 0
03-02-2025 10:19:40, -9.6, 2.081198, -25.46006, -0.93, 0
03-02-2025 10:19:40, -9.6, 2.081198, -25.56006, -0.93, 0
03-02-2025 10:19:40, -9.6, 1.978579, -25.66006, -0.93, 0
03-02-2025 10:19:40, -9.6, 1.922575, -25.76007, -0.93, 0
03-02-2025 10:19:40, -9.6, 1.902072, -25.76007, -0.93, 0
03-02-2025 10:19:40, -9.6, 1.871127, -25.86007, -0.93, 0
03-02-2025 10:19:40, -9.6, 0.9170956, -25.86007, -0.93, 0
03-02-2025 10:19:40, -9.6, 0.8895838, -25.96007, -0.93, 0
03-02-2025 10:19:40, -9.6, 0.8520824, -25.96007, -0.93, 0
03-02-2025 10:19:40, -9.6, 0.8116059, -26.06007, -0.93, 0
03-02-2025 10:19:40, -9.6, 0.7796913, -26.16007, -0.93, 0
03-02-2025 10:19:40, -9.6, 0.7239044, -26.16007, -0.93, 0
03-02-2025 10:19:40, -9.6, 0.6758562, -26.26007, -0.93, 0
03-02-2025 10:19:40, -9.6, -0.3153339, -26.36007, -0.93, 0
03-02-2025 10:19:40, -9.6, -0.370506, -26.46007, -0.93, 0
03-02-2025 10:19:40, -9.6, -0.39737, -26.46007, -0.93, 0
03-02-2025 10:19:40, -9.6, -0.4398787, -26.56007, -0.93, 0
03-02-2025 10:19:40, -9.6, -0.4767798, -26.66007, -0.93, 0
03-02-2025 10:19:40, -9.6, -0.5308151, -26.76007, -0.93, 0
03-02-2025 10:19:40, -9.6, -1.419961, -26.76007, -0.93, 0
03-02-2025 10:19:40, -9.6, -1.458706, -26.86007, -0.93, 0
03-02-2025 10:19:40, -9.6, -1.500627, -26.96007, -0.93, 0
03-02-2025 10:19:40, -9.6, -1.542515, -27.06007, -0.93, 0
03-02-2025 10:19:40, -9.6, -1.568091, -27.06007, -0.93, 0
03-02-2025 10:19:40, -9.6, -1.591861, -27.16007, -0.93, 0
03-02-2025 10:19:40, -9.6, -1.603342, -27.16007, -0.93, 0
03-02-2025 10:19:40, -9.6, -2.19724, -27.26007, -0.93, 0
03-02-2025 10:19:40, -9.6, -2.219328, -27.36007, -0.93, 0
03-02-2025 10:19:40, -9.6, -2.238641, -27.36007, -0.93, 0
03-02-2025 10:19:40, -9.6, -2.260215, -27.46007, -0.93, 0
03-02-2025 10:19:40, -9.6, -2.284925, -27.56007, -0.93, 0
03-02-2025 10:19:40, -9.6, -2.302536, -27.56007, -0.93, 0
03-02-2025 10:19:40, -9.6, -2.600466, -27.66007, -0.93, 0
03-02-2025 10:19:40, -9.6, -2.607784, -27.76007, -0.93, 0
03-02-2025 10:19:40, -9.6, -2.61217, -27.76007, -0.93, 0
03-02-2025 10:19:40, -9.6, -2.615588, -27.86007, -0.93, 0
03-02-2025 10:19:40, -9.6, -2.618027, -27.96007, -0.93, 0
03-02-2025 10:19:40, -9.6, -2.621433, -27.96007, -0.93, 0
03-02-2025 10:19:40, -9.6, -2.625145, -28.06007, -0.93, 0
03-02-2025 10:19:40, -9.6, -2.55066, -28.16007, -0.93, 0
03-02-2025 10:19:40, -9.6, -2.541644, -28.26007, -0.93, 0
03-02-2025 10:19:40, -9.6, -2.532337, -28.26007, -0.93, 0
03-02-2025 10:19:40, -9.6, -2.522742, -28.36007, -0.93, 0
03-02-2025 10:19:40, -9.6, -2.511964, -28.46008, -0.93, 0
03-02-2025 10:19:40, -9.6, -2.500293, -28.56008, -0.93, 0
03-02-2025 10:19:40, -9.6, -2.20275, -28.56008, -0.93, 0
03-02-2025 10:19:40, -9.6, -2.188647, -28.66008, -0.93, 0
03-02-2025 10:19:40, -9.6, -2.173248, -28.76008, -0.93, 0
03-02-2025 10:19:40, -9.6, -2.160019, -28.76008, -0.93, 0
03-02-2025 10:19:40, -9.6, -2.146093, -28.86008, -0.93, 0
03-02-2025 10:19:40, -9.6, -2.132458, -28.86008, -0.93, 0
03-02-2025 10:19:40, -9.6, -2.120609, -28.96008, -0.93, 0
03-02-2025 10:19:40, -9.6, -2.105286, -29.06008, -0.93, 0
03-02-2025 10:19:40, -9.6, -1.478057, -29.06008, -0.93, 0
03-02-2025 10:19:40, -9.6, -1.457943, -29.16008, -0.93, 0
03-02-2025 10:19:40, -9.6, -1.426315, -29.26008, -0.93, 0
03-02-2025 10:19:40, -9.6, -1.407689, -29.26008, -0.93, 0
03-02-2025 10:19:40, -9.6, -1.376332, -29.36008, -0.93, 0
03-02-2025 10:19:40, -9.6, -1.345152, -29.36008, -0.93, 0
03-02-2025 10:19:40, -9.6, -1.345152, -29.46008, -0.93, 0
03-02-2025 10:19:40, -9.6, -0.616569, -29.56008, -0.93, 0
03-02-2025 10:19:40, -9.6, -0.5860512, -29.56008, -0.93, 0
03-02-2025 10:19:40, -9.6, -0.5432331, -29.66008, -0.93, 0
03-02-2025 10:19:40, -9.6, -0.5069901, -29.76008, -0.93, 0
03-02-2025 10:19:40, -9.6, -0.4592453, -29.76008, -0.93, 0
03-02-2025 10:19:40, -9.6, -0.4306895, -29.86008, -0.93, 0
03-02-2025 10:19:40, -9.6, -0.384232, -29.96008, -0.93, 0
03-02-2025 10:19:40, -9.6, 0.7543912, -29.96008, -0.93, 0
03-02-2025 10:19:40, -9.6, 0.798637, -30.06008, -0.93, 0
03-02-2025 10:19:40, -9.6, 0.84743, -30.16008, -0.93, 0
03-02-2025 10:19:40, -9.6, 0.8947973, -30.16008, -0.93, 0
03-02-2025 10:19:40, -9.6, 0.9215747, -30.26008, -0.93, 0
03-02-2025 10:19:40, -9.6, 0.9612445, -30.26008, -0.93, 0
03-02-2025 10:19:41, -9.6, 1.849493, -30.36008, -0.93, 0
03-02-2025 10:19:41, -9.6, 1.894192, -30.46008, -0.93, 0
03-02-2025 10:19:41, -9.6, 1.92099, -30.46008, -0.93, 0
03-02-2025 10:19:41, -9.6, 1.952041, -30.56008, -0.93, 0
03-02-2025 10:19:41, -9.6, 1.983198, -30.56008, -0.93, 0
03-02-2025 10:19:41, -9.6, 2.030602, -30.66008, -0.93, 0
03-02-2025 10:19:41, -9.6, 2.063004, -30.66008, -0.93, 0
03-02-2025 10:19:41, -9.6, 2.821921, -30.76008, -0.93, 0
03-02-2025 10:19:41, -9.6, 2.821921, -30.86008, -0.93, 0
03-02-2025 10:19:41, -9.6, 2.89871, -30.86008, -0.93, 0
03-02-2025 10:19:41, -9.6, 2.937623, -30.96008, -0.93, 0
03-02-2025 10:19:41, -9.6, 2.955729, -31.06009, -0.93, 0
03-02-2025 10:19:41, -9.6, 2.977357, -31.06009, -0.93, 0
03-02-2025 10:19:41, -9.6, 3.000328, -31.16009, -0.93, 0
03-02-2025 10:19:41, -9.6, 3.596697, -31.16009, -0.93, 0
03-02-2025 10:19:41, -9.6, 3.608152, -31.26009, -0.93, 0
03-02-2025 10:19:41, -9.6, 3.62064, -31.36009, -0.93, 0
03-02-2025 10:19:41, -9.6, 3.64622, -31.36009, -0.93, 0
03-02-2025 10:19:41, -9.6, 3.667675, -31.46009, -0.93, 0
03-02-2025 10:19:41, -9.6, 3.692635, -31.56009, -0.93, 0
03-02-2025 10:19:41, -9.6, 3.712851, -31.56009, -0.93, 0
03-02-2025 10:19:41, -9.6, 3.733365, -31.66009, -0.93, 0
03-02-2025 10:19:41, -9.6, 4.122114, -31.66009, -0.93, 0
03-02-2025 10:19:41, -9.6, 4.134445, -31.76009, -0.93, 0
03-02-2025 10:19:41, -9.6, 4.149452, -31.86009, -0.93, 0
03-02-2025 10:19:41, -9.6, 4.16168, -31.86009, -0.93, 0
03-02-2025 10:19:41, -9.6, 4.173395, -31.96009, -0.93, 0
03-02-2025 10:19:41, -9.6, 4.182537, -31.96009, -0.93, 0
03-02-2025 10:19:41, -9.6, 4.198154, -32.06009, -0.93, 0
03-02-2025 10:19:41, -9.6, 4.410921, -32.16009, -0.93, 0
03-02-2025 10:19:41, -9.6, 4.413689, -32.16009, -0.93, 0
03-02-2025 10:19:41, -9.6, 4.417075, -32.26009, -0.93, 0
03-02-2025 10:19:41, -9.6, 4.420667, -32.36008, -0.93, 0
03-02-2025 10:19:41, -9.6, 4.423332, -32.36008, -0.93, 0
03-02-2025 10:19:41, -9.6, 4.425794, -32.46008, -0.93, 0
03-02-2025 10:19:41, -9.6, 4.438822, -32.56008, -0.93, 0
03-02-2025 10:19:41, -9.6, 4.438412, -32.66008, -0.93, 0
03-02-2025 10:19:41, -9.6, 4.438108, -32.76008, -0.93, 0
03-02-2025 10:19:41, -9.6, 4.437595, -32.86008, -0.93, 0
03-02-2025 10:19:41, -9.6, 4.436978, -32.96008, -0.93, 0
03-02-2025 10:19:41, -9.6, 4.436367, -32.96008, -0.93, 0
03-02-2025 10:19:41, -9.6, 4.435447, -33.06007, -0.93, 0
03-02-2025 10:19:41, -9.6, 4.433906, -33.06007, -0.93, 0
03-02-2025 10:19:41, -9.6, 4.255852, -33.16007, -0.93, 0
03-02-2025 10:19:41, -9.6, 4.241168, -33.26007, -0.93, 0
03-02-2025 10:19:41, -9.6, 4.229254, -33.26007, -0.93, 0
03-02-2025 10:19:41, -9.6, 4.214468, -33.36007, -0.93, 0
03-02-2025 10:19:41, -9.6, 4.214468, -33.36007, -0.93, 0
03-02-2025 10:19:41, -9.6, 4.189198, -33.46007, -0.93, 0
03-02-2025 10:19:41, -9.6, 4.176977, -33.46007, -0.93, 0
03-02-2025 10:19:41, -9.6, 3.451375, -33.56007, -0.93, 0
03-02-2025 10:19:41, -9.6, 3.432786, -33.56007, -0.93, 0
03-02-2025 10:19:41, -9.6, 3.406242, -33.66006, -0.93, 0
03-02-2025 10:19:41, -9.6, 3.374738, -33.76006, -0.93, 0
03-02-2025 10:19:41, -9.6, 3.350042, -33.76006, -0.93, 0
03-02-2025 10:19:41, -9.6, 3.324938, -33.86006, -0.93, 0
03-02-2025 10:19:41, -9.6, 3.301379, -33.86006, -0.93, 0
03-02-2025 10:19:41, -9.6, 2.693099, -33.96006, -0.93, 0
03-02-2025 10:19:41, -9.6, 2.672916, -34.06006, -0.93, 0
03-02-2025 10:19:41, -9.6, 2.642786, -34.06006, -0.93, 0
03-02-2025 10:19:41, -9.6, 2.617215, -34.16006, -0.93, 0
03-02-2025 10:19:41, -9.6, 2.582629, -34.26006, -0.93, 0
03-02-2025 10:19:41, -9.6, 2.582629, -34.26006, -0.93, 0
03-02-2025 10:19:41, -9.6, 2.516273, -34.36005, -0.93, 0
03-02-2025 10:19:41, -9.6, 1.80927, -34.46005, -0.93, 0
03-02-2025 10:19:41, -9.6, 1.78516, -34.46005, -0.93, 0
03-02-2025 10:19:41, -9.6, 1.733137, -34.56005, -0.93, 0
03-02-2025 10:19:41, -9.6, 1.6988, -34.56005, -0.93, 0
03-02-2025 10:19:41, -9.6, 1.666326, -34.66005, -0.93, 0
03-02-2025 10:19:41, -9.6, 1.620215, -34.76005, -0.93, 0
03-02-2025 10:19:41, -9.6, 1.583925, -34.76005, -0.93, 0
03-02-2025 10:19:41, -9.6, 0.6926748, -34.86005, -0.93, 0
03-02-2025 10:19:41, -9.6, 0.6687219, -34.86005, -0.93, 0
03-02-2025 10:19:41, -9.6, 0.6381918, -34.96004, -0.93, 0
03-02-2025 10:19:41, -9.6, 0.617121, -34.96004, -0.93, 0
03-02-2025 10:19:41, -9.6, 0.5724255, -35.06004, -0.93, 0
03-02-2025 10:19:41, -9.6, 0.5178826, -35.16004, -0.93, 0
03-02-2025 10:19:41, -9.6, 0.46276, -35.26004, -0.93, 0
03-02-2025 10:19:41, -9.6, -0.4439884, -35.26004, -0.93, 0
03-02-2025 10:19:42, -9.6, -0.4785376, -35.36004, -0.93, 0
03-02-2025 10:19:42, -9.6, -0.520188, -35.36004, -0.93, 0
03-02-2025 10:19:42, -9.6, -0.5674893, -35.46004, -0.93, 0
03-02-2025 10:19:42, -9.6, -0.6093006, -35.56004, -0.93, 0
03-02-2025 10:19:42, -9.6, -0.6443903, -35.66003, -0.93, 0
03-02-2025 10:19:42, -9.6, -1.410037, -35.66003, -0.93, 0
03-02-2025 10:19:42, -9.6, -1.445207, -35.76003, -0.93, 0
03-02-2025 10:19:42, -9.6, -1.445207, -35.76003, -0.93, 0
03-02-2025 10:19:42, -9.6, -1.509583, -35.86003, -0.93, 0
03-02-2025 10:19:42, -9.6, -1.509583, -35.96003, -0.93, 0
03-02-2025 10:19:42, -9.6, -1.54999, -35.96003, -0.93, 0
03-02-2025 10:19:42, -9.6, -1.587869, -36.06003, -0.93, 0
03-02-2025 10:19:42, -9.6, -2.107937, -36.16003, -0.93, 0
03-02-2025 10:19:42, -9.6, -2.131577, -36.16003, -0.93, 0
03-02-2025 10:19:42, -9.6, -2.160745, -36.26003, -0.93, 0
03-02-2025 10:19:42, -9.6, -2.160745, -36.36002, -0.93, 0
03-02-2025 10:19:42, -9.6, -2.210933, -36.36002, -0.93, 0
03-02-2025 10:19:42, -9.6, -2.241632, -36.46002, -0.93, 0
03-02-2025 10:19:42, -9.6, -2.70289, -36.56002, -0.93, 0
03-02-2025 10:19:42, -9.6, -2.722716, -36.66002, -0.93, 0
03-02-2025 10:19:42, -9.6, -2.733263, -36.66002, -0.93, 0
03-02-2025 10:19:42, -9.6, -2.751419, -36.76002, -0.93, 0
03-02-2025 10:19:42, -9.6, -2.768693, -36.86002, -0.93, 0
03-02-2025 10:19:42, -9.6, -2.768693, -36.86002, -0.93, 0
03-02-2025 10:19:42, -9.6, -2.793079, -36.96001, -0.93, 0
03-02-2025 10:19:42, -9.6, -3.061519, -37.06001, -0.93, 0
03-02-2025 10:19:42, -9.6, -3.067921, -37.06001, -0.93, 0
03-02-2025 10:19:42, -9.6, -3.073157, -37.16001, -0.93, 0
03-02-2025 10:19:42, -9.6, -3.076169, -37.26001, -0.93, 0
03-02-2025 10:19:42, -9.6, -3.07743, -37.26001, -0.93, 0
03-02-2025 10:19:42, -9.6, -3.081405, -37.36001, -0.93, 0
03-02-2025 10:19:42, -9.6, -3.083541, -37.36001, -0.93, 0
03-02-2025 10:19:42, -9.6, -3.085678, -37.46001, -0.93, 0
03-02-2025 10:19:42, -9.6, -3.037046, -37.56001, -0.93, 0
03-02-2025 10:19:42, -9.6, -3.034048, -37.56001, -0.93, 0
03-02-2025 10:19:42, -9.6, -3.028921, -37.66, -0.93, 0
03-02-2025 10:19:42, -9.6, -3.02253, -37.76, -0.93, 0
03-02-2025 10:19:42, -9.6, -3.016813, -37.76, -0.93, 0
03-02-2025 10:19:42, -9.6, -3.008862, -37.86, -0.93, 0
03-02-2025 10:19:42, -9.6, -2.770375, -37.96, -0.93, 0
03-02-2025 10:19:42, -9.6, -2.756816, -37.96, -0.93, 0
03-02-2025 10:19:42, -9.6, -2.737206, -38.06, -0.93, 0
03-02-2025 10:19:42, -9.6, -2.726368, -38.16, -0.93, 0
03-02-2025 10:19:42, -9.6, -2.717389, -38.16, -0.93, 0
03-02-2025 10:19:42, -9.6, -2.702252, -38.25999, -0.93, 0
03-02-2025 10:19:42, -9.6, -2.310441, -38.25999, -0.93, 0
03-02-2025 10:19:42, -9.6, -2.29379, -38.35999, -0.93, 0
03-02-2025 10:19:42, -9.6, -2.264027, -38.45999, -0.93, 0
03-02-2025 10:19:42, -9.6, -2.248441, -38.45999, -0.93, 0
03-02-2025 10:19:42, -9.6, -2.226736, -38.55999, -0.93, 0
03-02-2025 10:19:42, -9.6, -2.212523, -38.55999, -0.93, 0
03-02-2025 10:19:42, -9.6, -2.182507, -38.65999, -0.93, 0
03-02-2025 10:19:42, -9.6, -1.655386, -38.75999, -0.93, 0
03-02-2025 10:19:42, -9.6, -1.616554, -38.85999, -0.93, 0
03-02-2025 10:19:42, -9.6, -1.580297, -38.85999, -0.93, 0
03-02-2025 10:19:42, -9.6, -1.539713, -38.95998, -0.93, 0
03-02-2025 10:19:42, -9.6, -1.503206, -39.05998, -0.93, 0
03-02-2025 10:19:42, -9.6, -1.481388, -39.15998, -0.93, 0
03-02-2025 10:19:42, -9.6, -1.468576, -39.15998, -0.93, 0
03-02-2025 10:19:42, -9.6, -0.6461914, -39.25998, -0.93, 0
03-02-2025 10:19:42, -9.6, -0.6013617, -39.35998, -0.93, 0
03-02-2025 10:19:42, -9.6, -0.5558883, -39.45998, -0.93, 0
03-02-2025 10:19:42, -9.6, -0.533654, -39.45998, -0.93, 0
03-02-2025 10:19:42, -9.6, -0.5009452, -39.55997, -0.93, 0
03-02-2025 10:19:42, -9.6, -0.4677165, -39.55997, -0.93, 0
03-02-2025 10:19:42, -9.6, -0.4213497, -39.65997, -0.93, 0
03-02-2025 10:19:42, -9.6, 0.5481425, -39.75997, -0.93, 0
03-02-2025 10:19:42, -9.6, 0.5992193, -39.85997, -0.93, 0
03-02-2025 10:19:42, -9.6, 0.6485652, -39.85997, -0.93, 0
03-02-2025 10:19:42, -9.6, 0.6945358, -39.95997, -0.93, 0
03-02-2025 10:19:42, -9.6, 0.7495779, -40.05997, -0.93, 0
03-02-2025 10:19:42, -9.6, 0.7946614, -40.05997, -0.93, 0
03-02-2025 10:19:42, -9.6, 1.9007, -40.15997, -0.93, 0
03-02-2025 10:19:42, -9.6, 1.939816, -40.25996, -0.93, 0
03-02-2025 10:19:43, -9.6, 1.959689, -40.35996, -0.93, 0
03-02-2025 10:19:43, -9.6, 2.006163, -40.35996, -0.93, 0
03-02-2025 10:19:43, -9.6, 2.036493, -40.45996, -0.93, 0
03-02-2025 10:19:43, -9.6, 2.089905, -40.55996, -0.93, 0
03-02-2025 10:19:43, -9.6, 3.010641, -40.55996, -0.93, 0
03-02-2025 10:19:43, -9.6, 3.038467, -40.65996, -0.93, 0
03-02-2025 10:19:43, -9.6, 3.063189, -40.65996, -0.93, 0
03-02-2025 10:19:43, -9.6, 3.086975, -40.75996, -0.93, 0
03-02-2025 10:19:43, -9.6, 3.127515, -40.85995, -0.93, 0
03-02-2025 10:19:43, -9.6, 3.164953, -40.85995, -0.93, 0
03-02-2025 10:19:43, -9.6, 3.205683, -40.95995, -0.93, 0
03-02-2025 10:19:43, -9.6, 3.246516, -41.05995, -0.93, 0
03-02-2025 10:19:43, -9.6, 4.055434, -41.15995, -0.93, 0
03-02-2025 10:19:43, -9.6, 4.107765, -41.25995, -0.93, 0
03-02-2025 10:19:43, -9.6, 4.151854, -41.25995, -0.93, 0
03-02-2025 10:19:43, -9.6, 4.194791, -41.35995, -0.93, 0
03-02-2025 10:19:43, -9.6, 4.882124, -41.45995, -0.93, 0
03-02-2025 10:19:43, -9.6, 4.894866, -41.55994, -0.93, 0
03-02-2025 10:19:43, -9.6, 4.913502, -41.55994, -0.93, 0
03-02-2025 10:19:43, -9.6, 4.937435, -41.65994, -0.93, 0
03-02-2025 10:19:43, -9.6, 4.958922, -41.75994, -0.93, 0
03-02-2025 10:19:43, -9.6, 4.972661, -41.75994, -0.93, 0
03-02-2025 10:19:43, -9.6, 4.995456, -41.85994, -0.93, 0
03-02-2025 10:19:43, -9.6, 5.027907, -41.85994, -0.93, 0
03-02-2025 10:19:43, -9.6, 5.498981, -41.95994, -0.93, 0
03-02-2025 10:19:43, -9.6, 5.519661, -42.05994, -0.93, 0
03-02-2025 10:19:43, -9.6, 5.535405, -42.05994, -0.93, 0
03-02-2025 10:19:43, -9.6, 5.554471, -42.15993, -0.93, 0
03-02-2025 10:19:43, -9.6, 5.569689, -42.25993, -0.93, 0
03-02-2025 10:19:43, -9.6, 5.578662, -42.25993, -0.93, 0
03-02-2025 10:19:43, -9.6, 5.597704, -42.35993, -0.93, 0
03-02-2025 10:19:43, -9.6, 5.905722, -42.45993, -0.93, 0
03-02-2025 10:19:43, -9.6, 5.91193, -42.45993, -0.93, 0
03-02-2025 10:19:43, -9.6, 5.920243, -42.55993, -0.93, 0
03-02-2025 10:19:43, -9.6, 5.924845, -42.55993, -0.93, 0
03-02-2025 10:19:43, -9.6, 5.931357, -42.65993, -0.93, 0
03-02-2025 10:19:43, -9.6, 5.93676, -42.65993, -0.93, 0
03-02-2025 10:19:43, -9.6, 5.94557, -42.75993, -0.93, 0
03-02-2025 10:19:43, -9.6, 6, -42.85992, -0.93, 0
03-02-2025 10:19:43, -9.6, 6, -42.85992, -0.93, 0
03-02-2025 10:19:43, -9.6, 6, -42.95992, -0.93, 0
03-02-2025 10:19:43, -9.6, 6, -43.05992, -0.93, 0
03-02-2025 10:19:43, -9.6, 6, -43.15992, -0.93, 0
03-02-2025 10:19:43, -9.6, 6, -43.15992, -0.93, 0
03-02-2025 10:19:43, -9.6, 6, -43.25992, -0.93, 0
03-02-2025 10:19:43, -9.6, 6, -43.35992, -0.93, 0
03-02-2025 10:19:43, -9.6, 6, -43.35992, -0.93, 0
03-02-2025 10:19:43, -9.6, 6, -43.45992, -0.93, 0
03-02-2025 10:19:43, -9.6, 6, -43.55991, -0.93, 0
03-02-2025 10:19:43, -9.6, 6, -43.65991, -0.93, 0
03-02-2025 10:19:43, -9.6, 6, -43.65991, -0.93, 0
03-02-2025 10:19:43, -9.6, 6, -43.75991, -0.93, 0
03-02-2025 10:19:43, -9.6, 6, -43.75991, -0.93, 0
03-02-2025 10:19:43, -9.6, 6, -43.85991, -0.93, 0
03-02-2025 10:19:43, -9.6, 6, -43.95991, -0.93, 0
03-02-2025 10:19:43, -9.6, 6, -43.95991, -0.93, 0
03-02-2025 10:19:43, -9.6, 6, -44.05991, -0.93, 0
03-02-2025 10:19:43, -9.6, 6, -44.1599, -0.93, 0
03-02-2025 10:19:43, -9.6, 6, -44.1599, -0.93, 0
03-02-2025 10:19:43, -9.6, 5.968886, -44.2599, -0.93, 0
03-02-2025 10:19:43, -9.6, 5.961779, -44.2599, -0.93, 0
03-02-2025 10:19:43, -9.6, 5.953877, -44.3599, -0.93, 0
03-02-2025 10:19:43, -9.6, 5.94577, -44.4599, -0.93, 0
03-02-2025 10:19:43, -9.6, 5.94577, -44.5599, -0.93, 0
03-02-2025 10:19:43, -9.6, 5.931363, -44.5599, -0.93, 0
03-02-2025 10:19:43, -9.6, 5.931363, -44.6599, -0.93, 0
03-02-2025 10:19:43, -9.6, 5.669603, -44.6599, -0.93, 0
03-02-2025 10:19:43, -9.6, 5.653908, -44.7599, -0.93, 0
03-02-2025 10:19:43, -9.6, 5.637088, -44.85989, -0.93, 0
03-02-2025 10:19:43, -9.6, 5.618565, -44.85989, -0.93, 0
03-02-2025 10:19:43, -9.6, 5.145663, -44.95989, -0.93, 0
03-02-2025 10:19:43, -9.6, 5.119768, -45.05989, -0.93, 0
03-02-2025 10:19:43, -9.6, 5.088577, -45.15989, -0.93, 0
03-02-2025 10:19:43, -9.6, 5.055852, -45.15989, -0.93, 0
03-02-2025 10:19:43, -9.6, 5.01721, -45.25989, -0.93, 0
03-02-2025 10:19:44, -9.6, 4.99035, -45.35989, -0.93, 0
03-02-2025 10:19:44, -9.6, 4.970096, -45.35989, -0.93, 0
03-02-2025 10:19:44, -9.6, 4.281985, -45.45988, -0.93, 0
03-02-2025 10:19:44, -9.6, 4.256939, -45.55988, -0.93, 0
03-02-2025 10:19:44, -9.6, 4.230248, -45.55988, -0.93, 0
03-02-2025 10:19:44, -9.6, 4.197387, -45.65988, -0.93, 0
03-02-2025 10:19:44, -9.6, 4.176533, -45.65988, -0.93, 0
03-02-2025 10:19:44, -9.6, 4.138518, -45.75988, -0.93, 0
03-02-2025 10:19:44, -9.6, 4.095656, -45.85988, -0.93, 0
03-02-2025 10:19:44, -9.6, 4.065629, -45.85988, -0.93, 0
03-02-2025 10:19:44, -9.6, 3.198586, -45.95988, -0.93, 0
03-02-2025 10:19:44, -9.6, 3.166018, -45.95988, -0.93, 0
03-02-2025 10:19:44, -9.6, 3.121138, -46.05988, -0.93, 0
03-02-2025 10:19:44, -9.6, 3.065081, -46.15987, -0.93, 0
03-02-2025 10:19:44, -9.6, 3.023804, -46.15987, -0.93, 0
03-02-2025 10:19:44, -9.6, 2.985221, -46.25987, -0.93, 0
03-02-2025 10:19:44, -9.6, 2.951586, -46.35987, -0.93, 0
03-02-2025 10:19:44, -9.6, 2.168386, -46.35987, -0.93, 0
03-02-2025 10:19:44, -9.6, 2.14354, -46.45987, -0.93, 0
03-02-2025 10:19:44, -9.6, 2.105546, -46.55987, -0.93, 0
03-02-2025 10:19:44, -9.6, 2.069208, -46.65987, -0.93, 0
03-02-2025 10:19:44, -9.6, 2.037324, -46.65987, -0.93, 0
03-02-2025 10:19:44, -9.6, 2.011863, -46.75986, -0.93, 0
03-02-2025 10:19:44, -9.6, 1.539128, -46.85986, -0.93, 0
03-02-2025 10:19:44, -9.6, 1.522898, -46.85986, -0.93, 0
03-02-2025 10:19:44, -9.6, 1.509673, -46.95986, -0.93, 0
03-02-2025 10:19:44, -9.6, 1.503572, -47.05986, -0.93, 0
03-02-2025 10:19:44, -9.6, 1.494586, -47.05986, -0.93, 0
03-02-2025 10:19:44, -9.6, 1.490144, -47.15986, -0.93, 0
03-02-2025 10:19:44, -9.6, 1.48539, -47.15986, -0.93, 0
03-02-2025 10:19:44, -9.6, 1.477538, -47.25986, -0.93, 0
03-02-2025 10:19:44, -9.6, 1.398867, -47.35986, -0.93, 0
03-02-2025 10:19:44, -9.6, 1.39897, -47.35986, -0.93, 0
03-02-2025 10:19:44, -9.6, 1.398976, -47.45985, -0.93, 0
03-02-2025 10:19:44, -9.6, 1.399176, -47.45985, -0.93, 0
03-02-2025 10:19:44, -9.6, 1.39949, -47.55985, -0.93, 0
03-02-2025 10:19:44, -9.6, 1.399907, -47.65985, -0.93, 0
03-02-2025 10:19:44, -9.6, 1.40042, -47.75985, -0.93, 0
03-02-2025 10:19:44, -9.6, 1.407969, -47.75985, -0.93, 0
03-02-2025 10:19:44, -9.6, 1.408483, -47.85985, -0.93, 0
03-02-2025 10:19:44, -9.6, 1.409213, -47.95985, -0.93, 0
03-02-2025 10:19:44, -9.6, 1.410138, -48.05984, -0.93, 0
03-02-2025 10:19:44, -9.6, 1.411171, -48.05984, -0.93, 0
03-02-2025 10:19:44, -9.6, 1.411999, -48.15984, -0.93, 0
03-02-2025 10:19:44, -9.6, 1.471918, -48.25984, -0.93, 0
03-02-2025 10:19:44, -9.6, 1.474703, -48.35984, -0.93, 0
03-02-2025 10:19:44, -9.6, 1.478532, -48.35984, -0.93, 0
03-02-2025 10:19:44, -9.6, 1.482248, -48.45984, -0.93, 0
03-02-2025 10:19:44, -9.6, 1.485353, -48.55984, -0.93, 0
03-02-2025 10:19:44, -9.6, 1.588311, -48.65984, -0.93, 0
03-02-2025 10:19:44, -9.6, 1.592654, -48.65984, -0.93, 0
03-02-2025 10:19:44, -9.6, 1.597203, -48.75983, -0.93, 0
03-02-2025 10:19:44, -9.6, 1.604028, -48.75983, -0.93, 0
03-02-2025 10:19:44, -9.6, 1.610329, -48.85983, -0.93, 0
03-02-2025 10:19:44, -9.6, 1.618187, -48.95983, -0.93, 0
03-02-2025 10:19:44, -9.6, 1.624288, -48.95983, -0.93, 0
03-02-2025 10:19:44, -9.6, 1.800731, -49.05983, -0.93, 0
03-02-2025 10:19:44, -9.6, 1.806528, -49.15983, -0.93, 0
03-02-2025 10:19:44, -9.6, 1.810871, -49.15983, -0.93, 0
03-02-2025 10:19:44, -9.6, 1.818319, -49.25983, -0.93, 0
03-02-2025 10:19:44, -9.6, 1.828043, -49.25983, -0.93, 0
03-02-2025 10:19:44, -9.6, 1.834354, -49.35983, -0.93, 0
03-02-2025 10:19:44, -9.6, 1.841905, -49.45982, -0.93, 0
03-02-2025 10:19:44, -9.6, 1.85391, -49.45982, -0.93, 0
03-02-2025 10:19:44, -9.6, 2.148564, -49.55982, -0.93, 0
03-02-2025 10:19:44, -9.6, 2.160674, -49.55982, -0.93, 0
03-02-2025 10:19:44, -9.6, 2.173199, -49.65982, -0.93, 0
03-02-2025 10:19:44, -9.6, 2.189034, -49.75982, -0.93, 0
03-02-2025 10:19:44, -9.6, 2.189034, -49.75982, -0.93, 0
03-02-2025 10:19:44, -9.6, 2.215335, -49.85982, -0.93, 0
03-02-2025 10:19:44, -9.6, 2.226515, -49.85982, -0.93, 0
03-02-2025 10:19:44, -9.6, 2.241631, -49.95982, -0.93, 0
03-02-2025 10:19:44, -9.6, 2.682695, -50.05981, -0.93, 0
03-02-2025 10:19:44, -9.6, 2.696464, -50.15981, -0.93, 0
03-02-2025 10:19:44, -9.6, 2.708162, -50.25981, -0.93, 0
03-02-2025 10:19:45, -9.6, 2.720584, -50.35981, -0.93, 0
03-02-2025 10:19:45, -9.6, 2.732695, -50.45981, -0.93, 0
03-02-2025 10:19:45, -9.6, 2.754847, -50.55981, -0.93, 0
03-02-2025 10:19:45, -9.6, 2.766961, -50.55981, -0.93, 0
03-02-2025 10:19:45, -9.6, 2.778866, -50.65981, -0.93, 0
03-02-2025 10:19:45, -9.6, 3.094249, -50.65981, -0.93, 0
03-02-2025 10:19:45, -9.6, 3.105, -50.7598, -0.93, 0
03-02-2025 10:19:45, -9.6, 3.111935, -50.7598, -0.93, 0
03-02-2025 10:19:45, -9.6, 3.121241, -50.8598, -0.93, 0
03-02-2025 10:19:45, -9.6, 3.127342, -50.8598, -0.93, 0
03-02-2025 10:19:45, -9.6, 3.137792, -50.9598, -0.93, 0
03-02-2025 10:19:45, -9.6, 3.143269, -51.0598, -0.93, 0
03-02-2025 10:19:45, -9.6, 3.221384, -51.0598, -0.93, 0
03-02-2025 10:19:45, -9.6, 3.221384, -51.1598, -0.93, 0
03-02-2025 10:19:45, -9.6, 3.221794, -51.2598, -0.93, 0
03-02-2025 10:19:45, -9.6, 3.222, -51.2598, -0.93, 0
03-02-2025 10:19:45, -9.6, 3.222, -51.35979, -0.93, 0
03-02-2025 10:19:45, -9.6, 3.221487, -51.35979, -0.93, 0
03-02-2025 10:19:45, -9.6, 3.22107, -51.45979, -0.93, 0
03-02-2025 10:19:45, -9.6, 3.130897, -51.45979, -0.93, 0
03-02-2025 10:19:45, -9.6, 3.127689, -51.55979, -0.93, 0
03-02-2025 10:19:45, -9.6, 3.121999, -51.65979, -0.93, 0
03-02-2025 10:19:45, -9.6, 3.115687, -51.65979, -0.93, 0
03-02-2025 10:19:45, -9.6, 3.110107, -51.75979, -0.93, 0
03-02-2025 10:19:45, -9.6, 3.102453, -51.85979, -0.93, 0
03-02-2025 10:19:45, -9.6, 3.098522, -51.85979, -0.93, 0
03-02-2025 10:19:45, -9.6, 2.923454, -51.95979, -0.93, 0
03-02-2025 10:19:45, -9.6, 2.914762, -51.95979, -0.93, 0
03-02-2025 10:19:45, -9.6, 2.904615, -52.05978, -0.93, 0
03-02-2025 10:19:45, -9.6, 2.89064, -52.15978, -0.93, 0
03-02-2025 10:19:45, -9.6, 2.89064, -52.15978, -0.93, 0
03-02-2025 10:19:45, -9.6, 2.876876, -52.25978, -0.93, 0
03-02-2025 10:19:45, -9.6, 2.864869, -52.25978, -0.93, 0
03-02-2025 10:19:45, -9.6, 2.529442, -52.35978, -0.93, 0
03-02-2025 10:19:45, -9.6, 2.51246, -52.35978, -0.93, 0
03-02-2025 10:19:45, -9.6, 2.494234, -52.45978, -0.93, 0
03-02-2025 10:19:45, -9.6, 2.477571, -52.55978, -0.93, 0
03-02-2025 10:19:45, -9.6, 2.461519, -52.65977, -0.93, 0
03-02-2025 10:19:45, -9.6, 2.451059, -52.65977, -0.93, 0
03-02-2025 10:19:45, -9.6, 2.440086, -52.75977, -0.93, 0
03-02-2025 10:19:45, -9.6, 2.429415, -52.75977, -0.93, 0
03-02-2025 10:19:45, -9.6, 2.064469, -52.85977, -0.93, 0
03-02-2025 10:19:45, -9.6, 2.049461, -52.85977, -0.93, 0
03-02-2025 10:19:45, -9.6, 2.034865, -52.95977, -0.93, 0
03-02-2025 10:19:45, -9.6, 2.020062, -52.95977, -0.93, 0
03-02-2025 10:19:45, -9.6, 2.00785, -53.05977, -0.93, 0
03-02-2025 10:19:45, -9.6, 1.994085, -53.05977, -0.93, 0
03-02-2025 10:19:45, -9.6, 1.978975, -53.15977, -0.93, 0
03-02-2025 10:19:45, -9.6, 1.653774, -53.25977, -0.93, 0
03-02-2025 10:19:45, -9.6, 1.63651, -53.25977, -0.93, 0
03-02-2025 10:19:45, -9.6, 1.621519, -53.35976, -0.93, 0
03-02-2025 10:19:45, -9.6, 1.612324, -53.35976, -0.93, 0
03-02-2025 10:19:45, -9.6, 1.603741, -53.45976, -0.93, 0
03-02-2025 10:19:45, -9.6, 1.589378, -53.45976, -0.93, 0
03-02-2025 10:19:45, -9.6, 1.337202, -53.55976, -0.93, 0
03-02-2025 10:19:45, -9.6, 1.333383, -53.65976, -0.93, 0
03-02-2025 10:19:45, -9.6, 1.327293, -53.65976, -0.93, 0
03-02-2025 10:19:45, -9.6, 1.320488, -53.75976, -0.93, 0
03-02-2025 10:19:45, -9.6, 1.320488, -53.85976, -0.93, 0
03-02-2025 10:19:45, -9.6, 1.320488, -53.85976, -0.93, 0
03-02-2025 10:19:45, -9.6, 1.300901, -53.95975, -0.93, 0
03-02-2025 10:19:45, -9.6, 1.251912, -54.05975, -0.93, 0
03-02-2025 10:19:45, -9.6, 1.251192, -54.05975, -0.93, 0
03-02-2025 10:19:45, -9.6, 1.250885, -54.15975, -0.93, 0
03-02-2025 10:19:45, -9.6, 1.250472, -54.15975, -0.93, 0
03-02-2025 10:19:45, -9.6, 1.249958, -54.25975, -0.93, 0
03-02-2025 10:19:45, -9.6, 1.249958, -54.35975, -0.93, 0
03-02-2025 10:19:45, -9.6, 1.252533, -54.35975, -0.93, 0
03-02-2025 10:19:45, -9.6, 1.252636, -54.45975, -0.93, 0
03-02-2025 10:19:45, -9.6, 1.25274, -54.55975, -0.93, 0
03-02-2025 10:19:45, -9.6, 1.252836, -54.55975, -0.93, 0
03-02-2025 10:19:45, -9.6, 1.252836, -54.65974, -0.93, 0
03-02-2025 10:19:45, -9.6, 1.252944, -54.75974, -0.93, 0
03-02-2025 10:19:45, -9.6, 1.253053, -54.75974, -0.93, 0
03-02-2025 10:19:45, -9.6, 1.253253, -54.85974, -0.93, 0
03-02-2025 10:19:45, -9.6, 1.283961, -54.85974, -0.93, 0
03-02-2025 10:19:45, -9.6, 1.288304, -54.95974, -0.93, 0
03-02-2025 10:19:45, -9.6, 1.288304, -55.05974, -0.93, 0
03-02-2025 10:19:45, -9.6, 1.295428, -55.05974, -0.93, 0
03-02-2025 10:19:45, -9.6, 1.301105, -55.15974, -0.93, 0
03-02-2025 10:19:45, -9.6, 1.306688, -55.25974, -0.93, 0
03-02-2025 10:19:45, -9.6, 1.433335, -55.25974, -0.93, 0
03-02-2025 10:19:46, -9.6, 1.440977, -55.35973, -0.93, 0
03-02-2025 10:19:46, -9.6, 1.448516, -55.45973, -0.93, 0
03-02-2025 10:19:46, -9.6, 1.456581, -55.45973, -0.93, 0
03-02-2025 10:19:46, -9.6, 1.463599, -55.55973, -0.93, 0
03-02-2025 10:19:46, -9.6, 1.468772, -55.55973, -0.93, 0
03-02-2025 10:19:46, -9.6, 1.468772, -55.65973, -0.93, 0
03-02-2025 10:19:46, -9.6, 1.663331, -55.75973, -0.93, 0
03-02-2025 10:19:46, -9.6, 1.671389, -55.75973, -0.93, 0
03-02-2025 10:19:46, -9.6, 1.680275, -55.85973, -0.93, 0
03-02-2025 10:19:46, -9.6, 1.680275, -55.95972, -0.93, 0
03-02-2025 10:19:46, -9.6, 1.692573, -55.95972, -0.93, 0
03-02-2025 10:19:46, -9.6, 1.701569, -56.05972, -0.93, 0
03-02-2025 10:19:46, -9.6, 1.707566, -56.05972, -0.93, 0
03-02-2025 10:19:46, -9.6, 1.869006, -56.15972, -0.93, 0
03-02-2025 10:19:46, -9.6, 1.869006, -56.25972, -0.93, 0
03-02-2025 10:19:46, -9.6, 1.882862, -56.25972, -0.93, 0
03-02-2025 10:19:46, -9.6, 1.887815, -56.35972, -0.93, 0
03-02-2025 10:19:46, -9.6, 1.893095, -56.45972, -0.93, 0
03-02-2025 10:19:46, -9.6, 1.898568, -56.45972, -0.93, 0
03-02-2025 10:19:46, -9.6, 1.902185, -56.55972, -0.93, 0
03-02-2025 10:19:46, -9.6, 1.902185, -56.55972, -0.93, 0
03-02-2025 10:19:46, -9.6, 2.011159, -56.65971, -0.93, 0
03-02-2025 10:19:46, -9.6, 2.014675, -56.75971, -0.93, 0
03-02-2025 10:19:46, -9.6, 2.018294, -56.85971, -0.93, 0
03-02-2025 10:19:46, -9.6, 2.021706, -56.85971, -0.93, 0
03-02-2025 10:19:46, -9.6, 2.024912, -56.95971, -0.93, 0
03-02-2025 10:19:46, -9.6, 2.028741, -57.05971, -0.93, 0
03-02-2025 10:19:46, -9.6, 2.032154, -57.05971, -0.93, 0
03-02-2025 10:19:46, -9.6, 2.097563, -57.15971, -0.93, 0
03-02-2025 10:19:46, -9.6, 2.099121, -57.2597, -0.93, 0
03-02-2025 10:19:46, -9.6, 2.100359, -57.2597, -0.93, 0
03-02-2025 10:19:46, -9.6, 2.101712, -57.3597, -0.93, 0
03-02-2025 10:19:46, -9.6, 2.102327, -57.4597, -0.93, 0
03-02-2025 10:19:46, -9.6, 2.102847, -57.4597, -0.93, 0
03-02-2025 10:19:46, -9.6, 2.103053, -57.5597, -0.93, 0
03-02-2025 10:19:46, -9.6, 2.103053, -57.6597, -0.93, 0
03-02-2025 10:19:46, -9.6, 2.103053, -57.6597, -0.93, 0
03-02-2025 10:19:46, -9.6, 2.103053, -57.7597, -0.93, 0
03-02-2025 10:19:46, -9.6, 2.103053, -57.8597, -0.93, 0
03-02-2025 10:19:46, -9.6, 2.10295, -57.8597, -0.93, 0
03-02-2025 10:19:46, -9.6, 2.10295, -57.95969, -0.93, 0
03-02-2025 10:19:46, -9.6, 2.103053, -58.05969, -0.93, 0
03-02-2025 10:19:46, -9.6, 2.103053, -58.05969, -0.93, 0
03-02-2025 10:19:46, -9.6, 2.103053, -58.15969, -0.93, 0
03-02-2025 10:19:46, -9.6, 2.103053, -58.25969, -0.93, 0
03-02-2025 10:19:46, -9.6, 2.103053, -58.25969, -0.93, 0
03-02-2025 10:19:46, -9.6, 2.103053, -58.35969, -0.93, 0
03-02-2025 10:19:46, -9.6, 2.10295, -58.45969, -0.93, 0
03-02-2025 10:19:46, -9.6, 2.10295, -58.45969, -0.93, 0
03-02-2025 10:19:46, -9.6, 2.10295, -58.55968, -0.93, 0
03-02-2025 10:19:46, -9.6, 2.10295, -58.65968, -0.93, 0
03-02-2025 10:19:46, -9.6, 2.102847, -58.75968, -0.93, 0
03-02-2025 10:19:46, -9.6, 2.102847, -58.75968, -0.93, 0
03-02-2025 10:19:46, -9.6, 2.102847, -58.85968, -0.93, 0
03-02-2025 10:19:46, -9.6, 2.102847, -58.95968, -0.93, 0
03-02-2025 10:19:46, -9.6, 2.10274, -58.95968, -0.93, 0
03-02-2025 10:19:46, -9.6, 2.10274, -59.05968, -0.93, 0
03-02-2025 10:19:46, -9.6, 2.102636, -59.05968, -0.93, 0
03-02-2025 10:19:46, -9.6, 2.102636, -59.15968, -0.93, 0
03-02-2025 10:19:46, -9.6, 2.102636, -59.25967, -0.93, 0
03-02-2025 10:19:46, -9.6, 2.102533, -59.25967, -0.93, 0
03-02-2025 10:19:46, -9.6, 2.102533, -59.35967, -0.93, 0
03-02-2025 10:19:46, -9.6, 2.102533, -59.35967, -0.93, 0
03-02-2025 10:19:46, -9.6, 2.10243, -59.45967, -0.93, 0
03-02-2025 10:19:46, -9.6, 2.10243, -59.55967, -0.93, 0
03-02-2025 10:19:46, -9.6, 2.10243, -59.65967, -0.93, 0
03-02-2025 10:19:46, -9.6, 2.10243, -59.65967, -0.93, 0
03-02-2025 10:19:46, -9.6, 2.10243, -59.75967, -0.93, 0
03-02-2025 10:19:46, -9.6, 2.10243, -59.85966, -0.93, 0
03-02-2025 10:19:46, -9.6, 2.10243, -59.85966, -0.93, 0
03-02-2025 10:19:46, -9.6, 2.10243, -59.95966, -0.93, 0
03-02-2025 10:19:46, -9.6, 2.10243, -60.05966, -0.93, 0
03-02-2025 10:19:46, -9.6, 2.10243, -60.15966, -0.93, 0
03-02-2025 10:19:46, -9.6, 2.10243, -60.15966, -0.93, 0
03-02-2025 10:19:46, -9.6, 2.10243, -60.25966, -0.93, 0
03-02-2025 10:19:47, -9.6, 2.10243, -60.35966, -0.93, 0
03-02-2025 10:19:47, -9.6, 2.10243, -60.45966, -0.93, 0
03-02-2025 10:19:47, -9.6, 2.10243, -60.45966, -0.93, 0
03-02-2025 10:19:47, -9.6, 2.10243, -60.55965, -0.93, 0
03-02-2025 10:19:47, -9.6, 2.10243, -60.65965, -0.93, 0
03-02-2025 10:19:47, -9.6, 2.10243, -60.65965, -0.93, 0
03-02-2025 10:19:47, -9.6, 2.10243, -60.75965, -0.93, 0
03-02-2025 10:19:47, -9.6, 2.10243, -60.85965, -0.93, 0
03-02-2025 10:19:47, -9.6, 2.10243, -60.95965, -0.93, 0
03-02-2025 10:19:47, -9.6, 2.10243, -60.95965, -0.93, 0
03-02-2025 10:19:47, -9.6, 2.10243, -61.05965, -0.93, 0
03-02-2025 10:19:47, -9.6, 2.10243, -61.15965, -0.93, 0
03-02-2025 10:19:47, -9.6, 2.10243, -61.15965, -0.93, 0
03-02-2025 10:19:47, -9.6, 2.10243, -61.25964, -0.93, 0
03-02-2025 10:19:47, -9.6, 2.10243, -61.35964, -0.93, 0
03-02-2025 10:19:47, -9.6, 2.10243, -61.45964, -0.93, 0
03-02-2025 10:19:47, -9.6, 2.10243, -61.45964, -0.93, 0
03-02-2025 10:19:47, -9.6, 2.10243, -61.55964, -0.93, 0
03-02-2025 10:19:47, -9.6, 2.10243, -61.65964, -0.93, 0
03-02-2025 10:19:47, -9.6, 2.10243, -61.75964, -0.93, 0
03-02-2025 10:19:47, -9.6, 2.10243, -61.85963, -0.93, 0
03-02-2025 10:19:47, -9.6, 2.10243, -61.85963, -0.93, 0
03-02-2025 10:19:47, -9.6, 2.10243, -61.95963, -0.93, 0
03-02-2025 10:19:47, -9.6, 2.10243, -62.05963, -0.93, 0
03-02-2025 10:19:47, -9.6, 2.10243, -62.15963, -0.93, 0
03-02-2025 10:19:47, -9.6, 2.10243, -62.15963, -0.93, 0
03-02-2025 10:19:47, -9.6, 2.10243, -62.25963, -0.93, 0
03-02-2025 10:19:47, -9.6, 2.10243, -62.25963, -0.93, 0
03-02-2025 10:19:47, -9.6, 2.10243, -62.35963, -0.93, 0
03-02-2025 10:19:47, -9.6, 2.10243, -62.45963, -0.93, 0
03-02-2025 10:19:47, -9.6, 2.10243, -62.55962, -0.93, 0
03-02-2025 10:19:47, -9.6, 2.10243, -62.55962, -0.93, 0
03-02-2025 10:19:47, -9.6, 2.10243, -62.65962, -0.93, 0
03-02-2025 10:19:47, -9.6, 2.10243, -62.75962, -0.93, 0
03-02-2025 10:19:47, -9.6, 2.10243, -62.75962, -0.93, 0
03-02-2025 10:19:47, -9.6, 2.10243, -62.85962, -0.93, 0
03-02-2025 10:19:47, -9.6, 2.10243, -62.95962, -0.93, 0
03-02-2025 10:19:47, -9.6, 2.10243, -63.05962, -0.93, 0
03-02-2025 10:19:47, -9.6, 2.10243, -63.05962, -0.93, 0
03-02-2025 10:19:47, -9.6, 2.10243, -63.15961, -0.93, 0
03-02-2025 10:19:47, -9.6, 2.10243, -63.25961, -0.93, 0
03-02-2025 10:19:47, -9.6, 2.10243, -63.25961, -0.93, 0
03-02-2025 10:19:47, -9.6, 2.10243, -63.35961, -0.93, 0
03-02-2025 10:19:47, -9.6, 2.10243, -63.45961, -0.93, 0
03-02-2025 10:19:47, -9.6, 2.10243, -63.55961, -0.93, 0
03-02-2025 10:19:47, -9.6, 2.10243, -63.55961, -0.93, 0
03-02-2025 10:19:47, -9.6, 2.10243, -63.65961, -0.93, 0
03-02-2025 10:19:47, -9.6, 2.10243, -63.75961, -0.93, 0
03-02-2025 10:19:47, -9.6, 2.10243, -63.75961, -0.93, 0
03-02-2025 10:19:47, -9.6, 2.10243, -63.8596, -0.93, 0
03-02-2025 10:19:47, -9.6, 2.10243, -63.9596, -0.93, 0
03-02-2025 10:19:47, -9.6, 2.10243, -63.9596, -0.93, 0
03-02-2025 10:19:47, -9.6, 2.10243, -64.0596, -0.93, 0
03-02-2025 10:19:47, -9.6, 2.10243, -64.1596, -0.93, 0
03-02-2025 10:19:47, -9.6, 2.10243, -64.1596, -0.93, 0
03-02-2025 10:19:47, -9.6, 2.10243, -64.2596, -0.93, 0
03-02-2025 10:19:47, -9.6, 2.10243, -64.3596, -0.93, 0
03-02-2025 10:19:47, -9.6, 2.10243, -64.3596, -0.93, 0
03-02-2025 10:19:47, -9.6, 2.10243, -64.45959, -0.93, 0
03-02-2025 10:19:47, -9.6, 2.10243, -64.55959, -0.93, 0
03-02-2025 10:19:47, -9.6, 2.10243, -64.55959, -0.93, 0
03-02-2025 10:19:47, -9.6, 2.10243, -64.65959, -0.93, 0
03-02-2025 10:19:47, -9.6, 2.10243, -64.65959, -0.93, 0
03-02-2025 10:19:47, -9.6, 2.10243, -64.75959, -0.93, 0
03-02-2025 10:19:47, -9.6, 2.10243, -64.75959, -0.93, 0
03-02-2025 10:19:47, -9.6, 2.10243, -64.85959, -0.93, 0
03-02-2025 10:19:47, -9.6, 2.10243, -64.95959, -0.93, 0
03-02-2025 10:19:47, -9.6, 2.10243, -64.95959, -0.93, 0
03-02-2025 10:19:47, -9.6, 2.10243, -65.05959, -0.93, 0
03-02-2025 10:19:47, -9.6, 2.10243, -65.05959, -0.93, 0
03-02-2025 10:19:47, -9.6, 2.10243, -65.15958, -0.93, 0
03-02-2025 10:19:47, -9.6, 2.10243, -65.15958, -0.93, 0
03-02-2025 10:19:47, -9.6, 2.10243, -65.25958, -0.93, 0
03-02-2025 10:19:48, -9.6, 2.10243, -65.35958, -0.93, 0
03-02-2025 10:19:48, -9.6, 2.10243, -65.35958, -0.93, 0
03-02-2025 10:19:48, -9.6, 2.10243, -65.45958, -0.93, 0
03-02-2025 10:19:48, -9.6, 2.10243, -65.55958, -0.93, 0
03-02-2025 10:19:48, -9.6, 2.10243, -65.55958, -0.93, 0
03-02-2025 10:19:48, -9.6, 2.10243, -65.65958, -0.93, 0
03-02-2025 10:19:48, -9.6, 2.10243, -65.75957, -0.93, 0
03-02-2025 10:19:48, -9.6, 2.10243, -65.75957, -0.93, 0
03-02-2025 10:19:48, -9.6, 2.10243, -65.85957, -0.93, 0
03-02-2025 10:19:48, -9.6, 2.10243, -65.85957, -0.93, 0
03-02-2025 10:19:48, -9.6, 2.10243, -65.95957, -0.93, 0
03-02-2025 10:19:48, -9.6, 2.10243, -65.95957, -0.93, 0
03-02-2025 10:19:48, -9.6, 2.10243, -66.05957, -0.93, 0
03-02-2025 10:19:48, -9.6, 2.10243, -66.15957, -0.93, 0
03-02-2025 10:19:48, -9.6, 2.10243, -66.15957, -0.93, 0
03-02-2025 10:19:48, -9.6, 2.10243, -66.25957, -0.93, 0
03-02-2025 10:19:48, -9.6, 2.10243, -66.35957, -0.93, 0
03-02-2025 10:19:48, -9.6, 2.10243, -66.35957, -0.93, 0
03-02-2025 10:19:48, -9.6, 2.10243, -66.45956, -0.93, 0
03-02-2025 10:19:48, -9.6, 2.10243, -66.55956, -0.93, 0
